,title,originallink,link,description,pubDate
0,신세계 주요 계열사 총출동 '랜더스 쇼핑페스타',http://www.hidomin.com/news/articleView.html?idxno=577030,http://www.hidomin.com/news/articleView.html?idxno=577030,"3-4인용 라지 사이즈인 12인치 '홈런 피자' 9990원, 55cm 슈퍼롱 바게트 7980원, 4~6일 3일간 슈퍼롱피자바게트를 6980원에 각각 판매한다.이마트는 앱을 이용하는 고객을 대상으로 <b>비트코인</b>을 증정하는 특별 이벤트도... ","Thu, 03 Apr 2025 19:34:00 +0900"
1,"헛8, 트럼프 후원 아메리칸<b>비트코인</b> 인수…에너지 인프라 전환 전략",https://www.tokenpost.kr/news/cryptocurrency/234131,https://www.tokenpost.kr/news/cryptocurrency/234131,"2일(현지시간) 더블록에 따르면, 미국 상장 <b>비트코인</b> 채굴 기업 헛에이트(Hut 8)가 트럼프 일가가 후원하는 아메리칸데이터센터(American Data Centers, 현 아메리칸<b>비트코인</b>)의 지분 80%를 인수했다고 발표했다. 이번 거래는... ","Thu, 03 Apr 2025 19:32:00 +0900"
2,"그레이스케일 다각화 ETF 신청서에 솔라나 포함, 최초 현물 솔라나 ETF 가...",https://www.tokenpost.kr/news/cryptocurrency/234196,https://www.tokenpost.kr/news/cryptocurrency/234196,"그레이스케일이 <b>비트코인</b>, 이더리움, 리플, 카르다노와 함께 솔라나를 포함한 디지털 라지캡 펀드의 ETF 전환 신청서를 제출하며 기관 투자 가능성이 확대됐다. 2일(현지시간) 크립토뉴스에 따르면, 솔라나(SOL)가 지난... ","Thu, 03 Apr 2025 19:32:00 +0900"
3,"“채권으로 <b>비트코인</b> 투자?”…코인이지, <b>비트코인</b> 채권 ETF의 성장 가능...",https://www.tokenpost.kr/news/insights/234323,https://www.tokenpost.kr/news/insights/234323,"글로벌 암호화폐 리서치 플랫폼 코인이지(CoinEasy)는 최근 보고서를 통해 <b>비트코인</b> 채권 ETF가 암호화폐와 기존 금융시장을 연결하는 *가교 역할*을 수행하며, 향후 전통 자본시장에서의 암호화폐 확산을 본격화할 수... ","Thu, 03 Apr 2025 19:28:00 +0900"
4,"EOS 네트워크 24시간 내 18% 급등, 볼타 리브랜딩 기대감",https://www.tokenpost.kr/news/cryptocurrency/234199,https://www.tokenpost.kr/news/cryptocurrency/234199,"3월 발표에 따르면 리브랜드는 <b>비트코인</b>(BTC)과 다른 디지털 자산들과 함께 작동하며, <b>비트코인</b> 기반 디지털 뱅킹 솔루션인 엑스샛(exSat)과 직접 통합될 것이라고 설명했다. 볼타의 &quot;뱅킹OS&quot;는 <b>비트코인</b>을 새로운... ","Thu, 03 Apr 2025 19:28:00 +0900"
5,"트럼프발 관세 폭탄에 <b>비트코인</b> 흔들…최악 땐 7만1,000달러까지 급락 ...",https://www.tokenpost.kr/news/cryptocurrency/234317,https://www.tokenpost.kr/news/cryptocurrency/234317,"도널드 트럼프 대통령이 발표한 전 세계 대상 상호관세 정책이 <b>비트코인</b>(BTC) 가격에 상당한 하방 압력을 가하고 있다는 분석이 나왔다. 암호화폐 시장이 이로 인해 큰 조정을 겪을 경우, <b>비트코인</b>은 7만1,000달러(약... ","Thu, 03 Apr 2025 19:16:00 +0900"
6,"이더리움, 5년 만에 최저가 추락…덴쿤 업그레이드가 오히려 인플레이션...",http://coinreaders.com/153726,http://coinreaders.com/153726,"AMB크립토는 <b>비트코인</b>이 최근 몇 주간 약 10% 하락한 반면, 이더리움은 같은 기간 45% 가까이 폭락하며 투자자 신뢰가 급격히 위축됐다고 보도했다. 현재 이더리움은 1,800달러 부근에서 거래되고 있으며, <b>비트코인</b>과의... ","Thu, 03 Apr 2025 19:02:00 +0900"
7,"반에크, 셀레스티아 TIA 추종 ETN 유럽 상장…암호화폐 투자 상품 확대",https://www.tokenpost.kr/news/cryptocurrency/234133,https://www.tokenpost.kr/news/cryptocurrency/234133,"반에크는 이미 아발란체, 이더리움, <b>비트코인</b>, 폴카닷, 솔라나, 트론 등을 추종하는 다양한 ETN을 유럽 시장에 공급하고 있으며, 미국 내에서는 최초로 <b>비트코인</b> 현물 ETF와 솔라나 ETF, 최근에는 바이낸스코인(BNB) ETF... ","Thu, 03 Apr 2025 18:58:00 +0900"
8,“재산 많이 잃어” 추성훈 충격 근황…♥야노시호 알면 어째 (추라이 ...,https://sports.donga.com/ent/article/all/20250403/131345504/1,https://m.entertain.naver.com/article/382/0001188437,"이런 가운데 “클럽 투자는 누가 하냐”라는 주제가 나오자, 추성훈과 홍석천은 곧바로 대답하지 못하고 “주식, <b>비트코인</b> 때문에 많이 잃었다”며 말끝을 흐리는 모습으로 폭소를 유발했다. 또 홍석천이 ‘추성훈의 PT로... ","Thu, 03 Apr 2025 18:51:00 +0900"
9,카이아로 항공권 구매 가능해진다...'카이아 재단-트라벨라' 전략적 파...,https://www.techm.kr/news/articleView.html?idxno=137901,https://www.techm.kr/news/articleView.html?idxno=137901,트라벨라에서 이용 가능한 가상자산 여행 리워드 프로그램인 'AVA 스마트 프로그램'의 회원들은 예약 시 최대 10%의 <b>비트코인</b>(BTC) 또는 AVA 토큰 리워드와 같은 추가 혜택을 누릴 수 있다. 카이아 재단과 트라벨라의... ,"Thu, 03 Apr 2025 18:50:00 +0900"
10,"리플, 왜 갑자기 10억 XRP 풀었을까? 커뮤니티 혼란 속 진짜 이유는?",http://coinreaders.com/153722,http://coinreaders.com/153722,"특히 <b>비트코인</b> 약세와 맞물릴 경우 XRP의 단기 하락 압력이 커질 수 있다는 경고도 제기된다. 전문가들은 리플이 규칙을 변경하며 방출 일정을 조정한 배경에 대해, 소송 종결 국면에서의 유동성 전략일 수 있다고... ","Thu, 03 Apr 2025 18:42:00 +0900"
11,"트럼프發 관세 충격… <b>비트코인</b>(BTC), 7만6,500달러 지지선 시험대에",https://www.tokenpost.kr/news/cryptocurrency/234304,https://www.tokenpost.kr/news/cryptocurrency/234304,"도널드 트럼프 대통령이 4월 2일 발표한 전방위적 관세 부과 조치 이후 글로벌 금융 시장이 출렁이는 가운데, 전 비트멕스(BitMEX) CEO인 아서 헤이즈(Arthur Hayes)가 <b>비트코인</b>(BTC)의 핵심 지지선 유지 여부에 주목했다.... ","Thu, 03 Apr 2025 18:36:00 +0900"
12,"美 관세폭풍에 국내·글로벌 기업 주가, <b>코인</b> ‘급락’",https://www.yeongnam.com/web/view.php?key=20250403026286132,https://www.yeongnam.com/web/view.php?key=20250403026286132,"헌재의 탄핵 결정이 변수로 남아 있지만 달러-원 환율의 추가 상승, 즉 1천500원선을 재위협할 가능성도 배제할 수 없게 됐다&quot;고 분석했다.가상자산인 <b>비트코인</b>도 이날 약세를 보였다. 3일 오후 4시10분 기준... ","Thu, 03 Apr 2025 18:26:00 +0900"
13,"<b>비트코인</b>, 단 몇 시간 만에 6,000달러 급락…무슨 일이 벌어졌나",http://coinreaders.com/153718,http://coinreaders.com/153718,"4월 3일(현지시간) 암호화폐 전문매체 유투데이에 따르면, <b>비트코인</b>(BTC)은 하루 사이 6,000달러가량 급락하며 7% 넘는 낙폭을 기록했다. 당일 고점은 88,563달러였으나, 몇 시간 만에 82,157달러까지 하락한 후 현재는 83... ","Thu, 03 Apr 2025 18:22:00 +0900"
14,"제우스 네트워크, zBTC 발행 플랫폼 '아폴로' 출시: <b>비트코인</b> 기반 DeFi ...",https://www.job-post.co.kr/news/articleView.html?idxno=139696,https://www.job-post.co.kr/news/articleView.html?idxno=139696,이미지출처 = 픽사베이 zBTC는 <b>비트코인</b>을 솔라나 블록체인에서 활용하도록 랩핑한 가상자산이다. 아폴로를 통해 사용자는 자신의 <b>비트코인</b>을 1:1 비율로 zBTC로 바꿀 수 있다. 기존 랩핑 시스템과 달리 고객 본인 인증... ,"Thu, 03 Apr 2025 18:18:00 +0900"
15,트럼프(發) 가상자산 생태계 재편...우리가 가야 할 길은,https://www.pointdaily.co.kr/news/articleView.html?idxno=240583,https://www.pointdaily.co.kr/news/articleView.html?idxno=240583,<b>비트코인</b>의 전략 자산화를 선언한 미국 정부의 움직임을 살펴보고 대응 전략을 모색하기 위해 마련됐다. 업계 전문가들은 '가상자산 전면 금지 방침에 대한 재검토'와 '가상자산 산업의 범위 확대 및 국내 발행 허용 검토... ,"Thu, 03 Apr 2025 18:08:00 +0900"
16,"리플(XRP), 2달러 붕괴…트럼프發 충격에 향방 불투명",https://www.tokenpost.kr/news/cryptocurrency/234300,https://www.tokenpost.kr/news/cryptocurrency/234300,일부 분석가들은 XRP의 향후 움직임이 <b>비트코인</b>(BTC)의 가격 변동에 크게 영향을 받을 것이라고 진단했다. 트위터 사용자 'CRYPTOWZRD'는 XRP가 현재 2달러 지지선에서 반등을 시도하고 있다며 &quot;이 지점에서 방향 전환이... ,"Thu, 03 Apr 2025 18:06:00 +0900"
17,"<b>코인</b>베이스, 서클의 USDC 담보 수익 절반 가져가",https://www.tokenpost.kr/news/blockchain/234207,https://www.tokenpost.kr/news/blockchain/234207,"주 정부의 이러한 결정은 앤디 베셔 주지사가 '<b>비트코인</b> 권리' 법안(HB701)에 서명한 지 불과 며칠 만에 이루어졌다. 양원에서 만장일치로 통과된 이 법안은 켄터키 주민들이 디지털 자산을 자체 보관하고, 블록체인... ","Thu, 03 Apr 2025 18:04:00 +0900"
18,[저녁 뉴스브리핑] 알트<b>코인</b>에서 스테이블<b>코인</b>으로 자금 대이동…관세...,https://www.tokenpost.kr/news/briefing/234297,https://www.tokenpost.kr/news/briefing/234297,이에 따라 <b>비트코인</b>이 대체 자산으로 주목받을 가능성이 있다. 반면 알트코인 시장은 이러한 단기적 매도 압력을 견디기 위해 견조한 생태계와 실질적인 수요 기반이 필수적”이라고 설명했다. 분석 &quot;’미국발... ,"Thu, 03 Apr 2025 18:04:00 +0900"
19,"[저녁 시세브리핑] 암호화폐 시장 하락세… <b>비트코인</b> 83,680달러, 이더리...",https://www.tokenpost.kr/news/briefing/234298,https://www.tokenpost.kr/news/briefing/234298,"토큰포스트마켓에 따르면 현재 기준 <b>비트코인</b>은 전날 대비 -1.16% 하락한 83,680달러(약 1억2,207만원)에 거래되고 있다. 이더리움은 전날 대비 -2.44% 하락한 1,821달러(약 265만7천원)를 기록했다. 암호화폐 시세... ","Thu, 03 Apr 2025 18:04:00 +0900"
20,"스탠다드차타드, AVAX 2029년까지 250달러 전망…이더리움보다 수익률 클...",https://www.tokenpost.kr/news/blockchain/234119,https://www.tokenpost.kr/news/blockchain/234119,"켄드릭은 &quot;이러한 흐름 속에서 AVAX는 <b>비트코인</b>(BTC)과 이더리움(ETH)을 능가하는 수익률을 보일 것&quot;이라고 밝혔다. 다만 아발란체는 역사적으로 3개월 기준 변동성이 100%에 육박하며, 이는 <b>비트코인</b>의 두 배... ","Thu, 03 Apr 2025 18:02:00 +0900"
21,"<b>비트코인</b>, 이젠 '국가자산'으로 격상",https://www.sisamagazine.co.kr/news/articleView.html?idxno=512774,https://www.sisamagazine.co.kr/news/articleView.html?idxno=512774,"<b>비트코인</b>이 더 이상 개인 투자자의 영역에만 머물지 않게 됐다. 최근 세계 각국이 <b>비트코인</b>을 '국가자산'으로 활용하려는 움직임을 보이고 있다. 단순한 디지털 화폐를 넘어, 이제는 국가 경제 전략의 핵심 자산으로... ","Thu, 03 Apr 2025 18:00:00 +0900"
22,"'K-<b>코인</b>계' 역할 확대될 듯…송치형 회장, '서비스 존재 이유' 강조",https://www.eroun.net/news/articleView.html?idxno=55046,https://www.eroun.net/news/articleView.html?idxno=55046,' 현재 <b>비트코인</b> 반감기를 앞두고 코인 시장은 때 아닌 위기를 맞이하고 있는 듯하다. 금일 이스라엘이 이란을 폭격했다는 뉴스가 나오면서 중동발 이슈와 함께 최근 3고 현상(고유가 고환율 고금리) 등이 코인 시장에도... ,"Thu, 03 Apr 2025 18:00:00 +0900"
23,<b>비트코인</b>(BTC) 급락에도 ETF로 220만 달러 유입…기관들 '저가 매수' 나...,https://www.tokenpost.kr/news/cryptocurrency/234293,https://www.tokenpost.kr/news/cryptocurrency/234293,"<b>비트코인</b>(BTC)이 최근 트럼프 대통령의 관세 정책 발표 이후 급격히 하락하며, 주요 투자자들의 긴장을 자아낸 가운데, 기관투자자들이 다시 시장에 진입하면서 <b>비트코인</b> ETF 유입액이 220만 달러(약 321억 2,000만... ","Thu, 03 Apr 2025 17:58:00 +0900"
24,트럼프발 '관세 쇼크'…<b>비트코인</b> 등 가상자산도 '와르륵',https://www.asiatime.co.kr/article/20250403500318,https://www.asiatime.co.kr/article/20250403500318,"이에 가상자산 시장에도 여파가 미치며 <b>비트코인</b> 가격이 큰 폭의 하락세를 나타내고 있다. 3일 가상자산업계에 따르면, 가상자산 거래소 업비트와 빗썸에서 이날 오후 3시 기준 <b>비트코인</b>은 1개당 1억2350만원 안팎에... ","Thu, 03 Apr 2025 17:54:00 +0900"
25,트럼프 초고율 관세 선언에 금융시장 흔들…<b>비트코인</b> '대안자산' 부상,https://www.tokenpost.kr/news/cryptocurrency/234292,https://www.tokenpost.kr/news/cryptocurrency/234292,도널드 트럼프 대통령이 ‘해방의 날’로 칭한 대규모 관세 조치가 글로벌 금융시장을 뒤흔들면서 <b>비트코인</b>(BTC)을 비롯한 주요 암호화폐의 향방에 투자자 관심이 쏠리고 있다. 2일(현지시간) 트럼프 대통령은 백악관... ,"Thu, 03 Apr 2025 17:54:00 +0900"
26,"리플 스테이블<b>코인</b> RLUSD, 발행 1억 달러 돌파…테더·USDC에 도전장",https://www.tokenpost.kr/news/cryptocurrency/234289,https://www.tokenpost.kr/news/cryptocurrency/234289,"리플(Ripple)의 미국 달러 기반 스테이블<b>코인</b> RLUSD가 단기간에 1억 달러(약 1,460억 원) 이상 발행되며... 크라켄, <b>비트</b>스탬프, 제로 해시, 불리시 등 주요 거래소도 RLUSD 유통에 참여하면서 개인 투자자 접근성마저... ","Thu, 03 Apr 2025 17:50:00 +0900"
27,"암호화폐 투자, 이제 IRA로... 피델리티, 개인 투자자 시장 정조준",https://www.pinpointnews.co.kr/news/articleView.html?idxno=333845,https://www.pinpointnews.co.kr/news/articleView.html?idxno=333845,"피델리티 크립토 IRA를 통해 개인 투자자들은 <b>비트코인</b>, 이더리움, 라이트코인 등 주요 암호화폐에 직접 투자할 수 있게 됐다. 이는 기존 IRA 상품들이 제공하는 전통적인 자산 외에 새로운 투자 옵션을 제공함으로써... ","Thu, 03 Apr 2025 17:46:00 +0900"
28,코스피 출렁 … 원화값 '일단 선방',https://www.mk.co.kr/article/11281971,https://n.news.naver.com/mnews/article/009/0005470481?sid=101,"日증시 급락, <b>비트코인</b>도 타격 반도체·2차전지 등 주로 수출 기업이 이끄는 국내 증시는 이른바 '관세 폭탄'이 현실화되면서 외국인 자금 이탈에 일제히 하락세를 보였다. 다만 시간이 지남에 따라 하락폭이... ","Thu, 03 Apr 2025 17:45:00 +0900"
29,"투자자, 도주 한국 암호화폐 대출 플랫폼 CEO 폭행... 억대 손실에 분노",https://www.tokenpost.kr/news/blockchain/234206,https://www.tokenpost.kr/news/blockchain/234206,"<b>비트</b>멕스(BitMEX), 쿠<b>코인</b>(KuCoin), <b>코인</b>W(CoinW), 비투닉스(Bitunix), KCEX 등 주목할 만한 플랫폼들이 한국의 가상자산사업자(VASP) 규정을 위반한 것으로 확인됐다. 당국은 한국방송통신심의위원회(KCSC)와 협력하여 이들... ","Thu, 03 Apr 2025 17:40:00 +0900"
30,"신세계, 제대로 준비했다... 소비자들 사이서 난리난 '2025 랜더스 쇼핑...",https://www.insight.co.kr/news/497728,https://www.insight.co.kr/news/497728,"V12s 오리진 서브마린 청소기를 특별가에 판매하며, 이마트 앱을 이용하는 고객에게는 <b>비트코인</b>을 증정하는 특별 이벤트도 빗썸과 함께 진행된다. 트레이더스는 횟감용 연어필렛, 캐나다/칠레 냉장삼겹살/목심 등 인기... ","Thu, 03 Apr 2025 17:34:00 +0900"
31,"그레이스케일, '거물급' 암호화폐 ETF 출시 예고... 시장 판도 변화 주목...",https://www.pinpointnews.co.kr/news/articleView.html?idxno=333849,https://www.pinpointnews.co.kr/news/articleView.html?idxno=333849,"미국의 대표적인 암호화폐 자산운용사 그레이스케일이 <b>비트코인</b>, 이더리움, XRP, 솔라나, 카르다노 등 주요 암호화폐를 포함하는 새로운 상장지수펀드(ETF) 출시를 예고하고 있다. 2일(현지시간) 암화화폐 업계에 따르면... ","Thu, 03 Apr 2025 17:30:00 +0900"
32,KAIA 토큰으로 항공권 결제…트라발라와 파트너십 체결,https://www.tokenpost.kr/news/blockchain/234283,https://www.tokenpost.kr/news/blockchain/234283,이 플랫폼의 AVA 스마트 프로그램 회원은 예약 시 <b>비트코인</b>(BTC)이나 AVA 토큰으로 최대 10% 리워드를 받을 수 있다. Kaia는 이번 파트너십을 통해 Web3 기술이 실생활에 적용된 대표 사례가 될 것으로 기대하고 있다.... ,"Thu, 03 Apr 2025 17:24:00 +0900"
33,"<b>비트코인</b> 1억2380만 원대 하락, 트럼프 상호관세에도 ETF 자금 유입은 늘...",https://www.businesspost.co.kr/BP?command=article_view&num=389943,https://www.businesspost.co.kr/BP?command=article_view&num=389943,<b>비트코인</b> 시세가 1억2380만 원대에서 하락하고 있다. 도널드 트럼프 미국 대통령이 상호관세 부과를 발표하며 커진 거시경제 불확실성에 <b>비트코인</b> 가격은 내렸지만 <b>비트코인</b> 실물상장지수펀드(ETF) 시장 자금... ,"Thu, 03 Apr 2025 17:20:00 +0900"
34,[<b>비트코인</b>은 지금] 8만3500달러 횡보…거래량 증가 속 관망세 지속,https://www.tokenpost.kr/news/society/234256,https://www.tokenpost.kr/news/society/234256,"2025년 4월 3일 14시 40분 기준 <b>비트코인</b>이 8만4000달러를 소폭 상회하며 단기 반등 흐름을 이어가는 가운데, 수급 지표는 긍정 신호를 유지하고 있지만 투자 심리는 여전히 신중한 분위기다. OBV와 구글 트렌드... ","Thu, 03 Apr 2025 17:16:00 +0900"
35,&quot;한국형 가상자산 정책의 해법을 찾다&quot;… '2025 핀포인트 금융포럼' 성료,https://www.pinpointnews.co.kr/news/articleView.html?idxno=333857,https://www.pinpointnews.co.kr/news/articleView.html?idxno=333857,"서울 여의도 중소기업중앙회 2층 상생룸에서 진행한 이날 행사는 핀포인트뉴스가 주최하고 핀아카데미가 주관한 것으로, <b>비트코인</b>의 전략 자산화를 선언한 미국 정부의 움직임을 살펴보고 대응 전략을 모색하기 위해... ","Thu, 03 Apr 2025 17:16:00 +0900"
36,"<b>비트코인</b>, 美 26개 주서 '공식 준비금' 입법 추진…앨라배마·미네소타...",https://www.tokenpost.kr/news/cryptocurrency/234280,https://www.tokenpost.kr/news/cryptocurrency/234280,"미국 내 여러 주에서 <b>비트코인</b>(BTC)을 공식 준비금 자산으로 삼으려는 입법 움직임이 확산되는 가운데, 앨라배마와 미네소타가 새롭게 합류했다. 이로써 <b>비트코인</b> 관련 준비금 법안을 발의한 주는 총 26곳에 달한다.... ","Thu, 03 Apr 2025 17:14:00 +0900"
37,예상보다 ‘매운 맛’ 관세에 금융시장 휘청···반도체·의약품 면제에...,https://www.khan.co.kr/article/202504031711001,https://n.news.naver.com/mnews/article/032/0003361045?sid=101,이날 미국 나스닥지수 선물은 장중 4.4% 넘게 폭락했고 <b>비트코인</b>의 가격도 장중 3% 넘게 급락했다. 안전자산인 금과 엔화는 강세를 보였다. 엔화는 장중 달러당 147엔까지 떨어졌으며 원·엔 재정 환율은 오후 3시30분... ,"Thu, 03 Apr 2025 17:12:00 +0900"
38,"암호화폐 정치행동위원회 지원 공화당 후보들, 플로리다 특별선거서 하...",https://www.tokenpost.kr/news/blockchain/234210,https://www.tokenpost.kr/news/blockchain/234210,플로리다는 최근 <b>비트코인</b>을 주 금융 전략에 통합하기 위한 법안을 도입했다. 조 그루터스 상원의원은 주가 관리하는 준비금의 최대 10%를 <b>비트코인</b>과 다른 암호화폐에 할당할 수 있도록 하는 SB 550 법안을 발의했다. 이... ,"Thu, 03 Apr 2025 17:10:00 +0900"
39,역대급 기업 매수에도…왜 <b>비트코인</b>은 계속 떨어질까?,http://coinreaders.com/153702,http://coinreaders.com/153702,"암호화폐 전문매체 뉴스BTC에 따르면, 올해 1분기 동안 상장기업들이 무려 91,781 BTC를 매수했음에도 불구하고 <b>비트코인</b>(BTC) 가격은 1월 고점 대비 20% 이상 하락했다. 4월 3일(현지시간)  현재 <b>비트코인</b>은 83... ","Thu, 03 Apr 2025 17:02:00 +0900"
40,트럼프 상호 관세 조치 발표 후 주요 암호화폐 하락세 두드러져,https://www.digitaltoday.co.kr/news/articleView.html?idxno=560063,https://www.digitaltoday.co.kr/news/articleView.html?idxno=560063,"<b>비트코인</b>은 8만8000달러에 근접했다가 3% 하락한 8만2600달러를 기록했고, 이더리움과 솔라나는 각각 6% 이상 하락했다. 도지코인(-6.2%), XRP(-5.5%), BNB(-3.7%), 카르다노(-5.8%) 등 주요 알트코인들도 동반 하락했다. 트럼프... ","Thu, 03 Apr 2025 17:02:00 +0900"
41,트럼프 관세 폭탄에 <b>비트코인</b> 6000달러 급락…암호화폐 시총 하루 새 20...,https://www.tokenpost.kr/news/cryptocurrency/234276,https://www.tokenpost.kr/news/cryptocurrency/234276,"<b>비트코인</b>(BTC)은 전날 저녁 강세 흐름을 타며 일시적으로 8만 8500달러를 돌파했지만, 트럼프 대통령이 복수의 국가를 대상으로 관세 인상을 단행했다는 보도가 나오며 급락세로 전환됐다. 불과 몇 분 만에 6000달러... ","Thu, 03 Apr 2025 17:02:00 +0900"
42,트럼프發 관세폭탄에 <b>비트코인</b> 상승 멈췄다…다시 돈 풀어야 반등?,https://www.tokenpost.kr/news/cryptocurrency/234277,https://www.tokenpost.kr/news/cryptocurrency/234277,도널드 트럼프 대통령이 발표한 전 세계 대상의 상호 관세 조치가 미국 경제 전망에 직격탄을 가하면서 <b>비트코인</b>(BTC)의 상승 랠리가 중단될 수 있다는 분석이 나왔다. 전문가들은 향후 미국의 유동성 정책이 시장... ,"Thu, 03 Apr 2025 17:02:00 +0900"
43,[<b>비트코인</b> 속보] 트럼프 관세폭탄에 암호화폐 시장 '요동'… &quot;극단적 공...,https://www.widedaily.com/news/articleView.html?idxno=264058,https://www.widedaily.com/news/articleView.html?idxno=264058,"시장에서는 발표 초기 잠시 매수세가 유입되며 <b>비트코인</b>이 8만8500달러까지 올랐으나, 구체적인 관세 규모와 범위가 드러난 직후 2.6% 하락해 8만2876달러까지 밀렸다. 이더리움도 6% 이상 하락해 1934달러에서 1797달러로... ","Thu, 03 Apr 2025 16:54:00 +0900"
44,"<b>코인</b>니스 보고서, 30대·40대가 가상자산 시장 주도",https://www.topstarnews.net/news/articleView.html?idxno=15628805,https://www.topstarnews.net/news/articleView.html?idxno=15628805,"전체의 약 33%가 신규 투자자로, 이들은 주로 도널드 트럼프 미국 대통령 당선과 <b>비트코인</b> 현물 ETF 승인 등 글로벌 이슈를 계기로 시장에 진입한 것으로 분석됐다. 연령대별로는 30대와 40대가 각각 36.79%, 30.09%를... ","Thu, 03 Apr 2025 16:54:00 +0900"
45,<b>비트코인</b> 1238만 원 기록하며 소폭 상승,https://www.topstarnews.net/news/articleView.html?idxno=15628986,https://www.topstarnews.net/news/articleView.html?idxno=15628986,"4월 3일 업비트에서 <b>비트코인</b>(BTC)은 전일 대비 0.82% 상승한 12,380,000원에 거래되고 있다. 시가는 12,279,400원이었으며, 장중 최저 12,236,200원, 최고 12,478,500원을 기록했다. 이날 <b>비트코인</b>의 거래량은... ","Thu, 03 Apr 2025 16:52:00 +0900"
46,"게임스톱, 15억 달러 확보해 <b>비트코인</b> 매입 계획 확정",https://www.tokenpost.kr/news/cryptocurrency/234209,https://www.tokenpost.kr/news/cryptocurrency/234209,"미국 게임 소매업체 게임스톱이 15억 달러 규모의 전환사채를 발행해 일부 자금을 기업 자금으로 <b>비트코인</b> 매입에 사용할 계획을 확정했다. 2일(현지시간) 크립토뉴스에 따르면, 게임스톱이 미국 증권거래위원회(SEC)에... ","Thu, 03 Apr 2025 16:52:00 +0900"
47,트럼프 관세폭탄에 <b>코인</b>도 '극단적 공포'...알트<b>코인</b> 살아남을까,http://theviewers.co.kr/View.aspx?No=3601778,http://theviewers.co.kr/View.aspx?No=3601778,다만 하락 추세 속에서도 <b>비트코인</b>과 알트코인의 낙폭 분위기가 사뭇 다른 모습이어서 미국의 '다중 토큰 전략 자산' 논의에 시선이 쏠리고 있다.3일 코인마켓캡에 따르면 <b>비트코인</b>은 미 백악관이 상호관세를... ,"Thu, 03 Apr 2025 16:52:00 +0900"
48,[핀포인트 금융포럼] 이정두 선임연구위원 &quot;디지털자산 생태계 육성과 ...,https://www.pinpointnews.co.kr/news/articleView.html?idxno=333847,https://www.pinpointnews.co.kr/news/articleView.html?idxno=333847,이 선임연구위원은 &quot;글로벌 가상자산 시장은 2022년 이후 지속된 '크립토 윈터'가 2024년 1월 미국의 <b>비트코인</b> 현물 ETF 상장 허용을 계기로 반등세로 전환됐다&quot;며 &quot;트럼프 당선 이후 재반등하며 2025년 1월 기준 글로벌... ,"Thu, 03 Apr 2025 16:48:00 +0900"
49,XRP 하루 거래량 20억달러 돌파…<b>비트</b>·이더와 비교하면?,https://www.digitaltoday.co.kr/news/articleView.html?idxno=560004,https://www.digitaltoday.co.kr/news/articleView.html?idxno=560004,"그러나 규모 면에서는 여전히 <b>비트코인</b>(BTC)과 이더리움(ETH)의 일일 이체량이 XRP를 압도하고 있다. 글래스노드에 따르면 <b>비트코인</b>의 일일 평균 이체량은 약 232억6000만달러이며, 최근 30일 기준으로는... ","Thu, 03 Apr 2025 16:34:00 +0900"
50,"“2025년 투자 핵심은 금”…블로핀 리서치, 고금리 시대 '가치 저장 자...",https://www.tokenpost.kr/news/insights/234266,https://www.tokenpost.kr/news/insights/234266,글로벌 암호화폐 투자 및 리서치 기업 블로핀 리서치(BloFin)은 최근 보고서를 통해 고금리와 정책 불확실성이 지배하는 2025년 거시경제 환경에서 금과 <b>비트코인</b>(BTC)이 '광의적 가치 저장 수단'으로서 주목받고 있으며... ,"Thu, 03 Apr 2025 16:28:00 +0900"
51,억소리 나는 양대 가상자산거래소 연봉,https://www.dnews.co.kr/uhtml/view.jsp?idxno=202504031543031570009,https://www.dnews.co.kr/uhtml/view.jsp?idxno=202504031543031570009,작년 두나무 평균연봉 2억 육박…빗썸도 약 1억2000만원 <b>비트코인</b> 등 시장 호황에 몸값 높은 실무진 영입 영향 국내 최대 가상자산거래소 업비트 운영사 두나무의 임직원 평균 급여가 약 2억원에 달하는 것으로... ,"Thu, 03 Apr 2025 16:20:00 +0900"
52,"업비트·빗썸, <b>비트코인</b> 보유량 격차 94배…&quot;장기전략 필요&quot;",http://www.newsprime.co.kr/news/article.html?no=681903,http://www.newsprime.co.kr/news/article.html?no=681903,"업비트의 <b>비트코인</b> 보유량이 꾸준히 증가한 반면, 빗썸은 <b>비트코인</b> 보유량이 급격히 감소했다. 이같은 행보가 투자자 신뢰에도 영향을 미칠 수 있다는 지적이다. 3일 업비트 운영사인 두나무(이하 업비트)가 지난달... ","Thu, 03 Apr 2025 16:18:00 +0900"
53,코스피 2500선 밑으로…환율 한때 1472.5원[트럼프 관세],https://www.newsis.com/view/NISX20250403_0003125748,https://n.news.naver.com/mnews/article/003/0013162593?sid=101,위험 회피 성향이 짙어지며 <b>비트코인</b>은 급락했다. 가상자산 거래소 빗썸에서 이날 오후 3시45분 현재 <b>비트코인</b>은 24시간 전보다 2.85% 떨어진 1억23433만원에 거래 중이다. 같은 시간 이더리움은 2.6% 떨어진 270만원에... ,"Thu, 03 Apr 2025 16:13:00 +0900"
54,"트럼프 관세 살생부, 실체와 해법…5개의 질문 [홍길용의 화식열전]",https://biz.heraldcorp.com/article/10457483?ref=naver,https://n.news.naver.com/mnews/article/016/0002452347?sid=101,금이나 <b>비트코인</b> 같은 초국가적 자산을 보유할 필요가 있어 보인다. 또 산업 경쟁에서 중요한 것이 자원이다. 경기에 밀접한 원유나 구리 보다는 첨단 제품과 무기에 필요한 희토류 등 자원 확보 경쟁도 치열해질 것으로... ,"Thu, 03 Apr 2025 16:01:00 +0900"
55,"리플(XRP), 2달러 붕괴…트럼프發 관세 충격에 암호화폐 전반 급락",https://www.tokenpost.kr/news/cryptocurrency/234255,https://www.tokenpost.kr/news/cryptocurrency/234255,"<b>비트코인</b>을 비롯한 주요 암호화폐가 일제히 하락한 가운데, 리플(XRP)은 핵심 지지선인 2달러 아래로 내려앉았다. 바이낸스 기준으로 XRP는 이날 한때 1.98달러까지 밀린 뒤 소폭 반등했지만, 여전히 2.05달러 수준에... ","Thu, 03 Apr 2025 15:54:00 +0900"
56,"<b>비트코인</b> Layer-2 솔루션 기반 비제곱 네트워크, 수익 창출형 마이닝 풀...",https://www.tokenpost.kr/news/general/234233,https://www.tokenpost.kr/news/general/234233,<b>비트코인</b> Layer-2 솔루션 기반 블록체인 전문기업 비제곱 네트워크(B² Network)가 수익 창출형 마이닝 풀 ‘Mining Squared’를 공식 론칭했다. ‘Mining Squared’는 <b>비트코인</b>(BTC)이 단순 보유 자산이 아닌 유동성을 갖춘... ,"Thu, 03 Apr 2025 15:48:00 +0900"
57,미국發 관세전쟁 격화에 <b>비트코인</b> 투심 악화…BTC 현물 ETF 순유입 '숨통...,http://coinreaders.com/153690,http://coinreaders.com/153690,"코인마켓캡에 따르면, 암호화폐 대장주 <b>비트코인</b>(BTC)은 지난 24시간 동안 최고 88,466.96달러에서 최저 82,182.32달러까지 움직이며 큰 변동성을 나타냈다. 3일(현지시간) 현재는 83,335달러에 거래되며 다소 안정된... ","Thu, 03 Apr 2025 15:42:00 +0900"
58,"[시황-마감] 코스피 -0.76% 하락, 코스닥 -0.20% 하락, <b>비트코인</b> 전일대...",http://www.hansbiz.co.kr/news/articleView.html?idxno=742296,http://www.hansbiz.co.kr/news/articleView.html?idxno=742296,"한편 <b>비트코인</b> 가격은 하락 중이다. 코인마켓캡에 의하면, <b>비트코인</b>은 이날 오후 3시 30분 현재 121,988,192원에 거래 중이다. 122,861,656원을 최고점으로 찍고 0시 대비해서는 3,292,992원(-2.63%) 하락한 가격이다.... ","Thu, 03 Apr 2025 15:42:00 +0900"
59,<b>비트코인</b>·이더리움 등 암호화폐 급락... 장기적으론 긍정적일 것이라는...,https://www.wikitree.co.kr/articles/1039115,https://www.wikitree.co.kr/articles/1039115,"<b>비트코인</b>(BTC)은 3일(이하 한국 시각) 오전 한때 8만 8500달러까지 상승했지만, 이후 하락세를 보이며 8만 2000달러 초반대로 추락했다. 현재(오후 3시 30분 기준)는 소폭 반등하며 8만 3200달러대에서 거래 중이다.... ","Thu, 03 Apr 2025 15:36:00 +0900"
60,참세상 인터링크 데일리 (2025.04.03),https://newscham.net/articles/112668,https://newscham.net/articles/112668,"♦ 코인 광풍 ♦ 트럼프 가문의 새로운 황금알, 암호화폐truth dig 트럼프와 그의 가족은 <b>비트코인</b> 채굴, 밈코인, 스테이블코인 등 암호화폐 사업에 적극 뛰어들며 수억 달러의 수익을 올리고 있으며, 관련 기업들과... ","Thu, 03 Apr 2025 15:26:00 +0900"
61,"리플시세 3,053원…급등 후 조정, 향후 방향은?",https://www.topstarnews.net/news/articleView.html?idxno=15628777,https://www.topstarnews.net/news/articleView.html?idxno=15628777,"향후 미국 증권거래위원회(SEC)와의 소송 결과 및 <b>비트코인</b> 등 주요 종목의 움직임이 리플의 추가 상승 여부를 가늠하는 주요 변수로 작용할 것으로 보인다. 가상자산 시장의 변동성이 여전히 큰 가운데, 리플... ","Thu, 03 Apr 2025 15:20:00 +0900"
62,"<b>비트코인</b> 스테이킹하고 추가 수익낸다···코다(KODA), 바빌론랩스와 맞...",https://decenter.kr/NewsView/2GRDMM0CUB,https://decenter.kr/NewsView/2GRDMM0CUB,국내 기관투자가가 손쉽게 <b>비트코인</b>(BTC)을 스테이킹하고 추가 수익을 얻을 수 있는 기회가 열렸다. 국내 가상자산 커스터디 기업 코다(KODA)는 3일 블록체인 프로토콜 개발사 바빌론랩스와 협력해 기관투자가 대상 BTC... ,"Thu, 03 Apr 2025 15:18:00 +0900"
63,"[핀포인트 금융포럼] 송석준 의원 &quot;가상자산, 세계 경제의 거대한 축&quot;",https://www.pinpointnews.co.kr/news/articleView.html?idxno=333783,https://www.pinpointnews.co.kr/news/articleView.html?idxno=333783,올해로 2회차를 맞이한 금융포럼은 <b>비트코인</b>의 전략자산화를 선언한 미국 정부의 움직임을 살펴보고 대응 전략을 모색하는 자리로 마련됐다. 송석준 국회 법제사법위원회 소속 국민의힘 의원은 이날 축사를 통해... ,"Thu, 03 Apr 2025 15:10:00 +0900"
64,"<b>비트코인</b> Layer-2 솔루션 기반 비제곱 네트워크, 수익 창출형 마이닝 풀...",http://www.edaily.co.kr/news/newspath.asp?newsid=03650646642132512,https://n.news.naver.com/mnews/article/018/0005977805?sid=105,<b>비트코인</b> Layer-2 솔루션 기반 블록체인 전문기업 비제곱 네트워크(B² Network)는 수익 창출형 마이닝 풀 ‘Mining Squared’를 공식 론칭했다고 3일 밝혔다. ‘Mining Squared’는 <b>비트코인</b>(BTC)이 단순 보유 자산이 아닌... ,"Thu, 03 Apr 2025 15:09:00 +0900"
65,<b>비트코인</b> 8만달러 아래로? 트럼프 관세 후폭풍,http://www.edaily.co.kr/news/newspath.asp?newsid=03640806642132512,https://n.news.naver.com/mnews/article/018/0005977801?sid=105,"직접적인 언급은 없었지만, 투자심리 위축과 뉴욕증시와의 연동성으로 인해 <b>비트코인</b>을 비롯한 주요 가상자산이 일제히 하락세를 보였다. 3일 가상자산 시황중계 사이트 코인마켓캡에 따르면, 오후 1시 50분 기준... ","Thu, 03 Apr 2025 15:08:00 +0900"
66,[<b>코인</b> 스캔] 극단적 온도차 연출한 <b>코인</b>시장…이 시각 상승·하락률 상...,https://www.tokenpost.kr/news/cryptocurrency/234243,https://www.tokenpost.kr/news/cryptocurrency/234243,"거래대금 기준으로 가장 많은 규모는 업비트에서 거래된 리플(XRP)로 나타났으며, 이어서 빅타임(BIGTIME), 테더(USDT), <b>비트코인</b>(BTC), 그리고 빗썸에서 거래된 XRP 순으로 집계됐다. 보난자랩 데이터에 따르면, 이들... ","Thu, 03 Apr 2025 15:02:00 +0900"
67,리플(엑스알피 XRP) 시세 8달러 설도...RLUSD 상장이 변수로,https://www.cbci.co.kr/news/articleView.html?idxno=494299,https://www.cbci.co.kr/news/articleView.html?idxno=494299,"현재 <b>비트코인</b> ETF의 성공을 기점으로 리플 ETF까지 출시될 가능성이 제기되고 있다. ETF 승인이 이루어진다면 XRP의 대규모 수요 증대로 이어질 가능성이 높아, 가격 상승에 중요한 촉매제가 될 것으로 보인다. 리플은... ","Thu, 03 Apr 2025 15:00:00 +0900"
68,"트럼프 '관세 폭탄'에 <b>비트코인</b> 6,000달러 급락…7,140억 원 청산 쇼크",https://www.tokenpost.kr/news/cryptocurrency/234242,https://www.tokenpost.kr/news/cryptocurrency/234242,"<b>비트코인</b>(BTC)은 한때 8만 8,500달러에서 8만 3,400달러까지 급락하며 급격한 가격 변동을 보였고, 이로 인해 시장 전반에 걸친 롱·숏 포지션이 줄줄이 청산됐다. 시장 데이터 제공업체 코인글래스(Coinglass)에 따르면... ","Thu, 03 Apr 2025 14:54:00 +0900"
69,"“엄마 아빠랑은 달라요”...더 공격적인 MZ세대 부자들, 어떻게 돈 굴리...",https://www.mk.co.kr/article/11281626,https://n.news.naver.com/mnews/article/009/0005470244?sid=101,"<b>비트코인</b> 등 가상자산과 금, 미술품 등 대체투자에도 개방적인 모습을 보였다. MZ세대 부자 10명 중 3명꼴로 가상자산 투자를 하고 있었는데 올드리치 투자 비중인 10%보다 훨씬 많았다. MZ부자의 가상자산 누적... ","Thu, 03 Apr 2025 14:53:00 +0900"
70,트럼프 '전 세계 관세폭탄' 선언에 <b>비트코인</b> 6% 급락… 가상자산 시장 ...,https://www.tokenpost.kr/news/cryptocurrency/234240,https://www.tokenpost.kr/news/cryptocurrency/234240,도널드 트럼프 대통령이 전 세계 185개국을 대상으로 대규모 무역 관세 정책을 전격 발표하면서 <b>비트코인</b>(BTC)과 암호화폐 시장 전반이 급격히 흔들렸다. 트럼프는 4월 2일 &quot;수입 공세 억제와 무역 적자 축소&quot;를... ,"Thu, 03 Apr 2025 14:48:00 +0900"
71,"윙클보스 형제, SEC와 미등록 제미니 언 대출 프로그램 관련 시민소송 ...",https://www.tokenpost.kr/news/blockchain/234216,https://www.tokenpost.kr/news/blockchain/234216,"CFTC는 이 거래소가 <b>비트코인</b> 선물 계약 승인을 받으려고 할 때 오해의 소지가 있는 진술을 했다고 비난했다. 양측 변호사들이 서명한 모션에 따르면, 당사자들은 &quot;법원과 대중의 이익&quot;이 되는 해결책을 모색하고자 했다.... ","Thu, 03 Apr 2025 14:44:00 +0900"
72,"<b>비트코인</b>, 박스권 횡보 지속…셀사이드 리스크 낮아 매도 압력 제한적",https://www.tokenpost.kr/news/cryptocurrency/234142,https://www.tokenpost.kr/news/cryptocurrency/234142,"3일(현지시간) 크립토슬레이트는 온체인 분석 업체 크립토퀀트(CryptoQuant)의 데이터를 인용해, 최근 <b>비트코인</b>(BTC)이 새로운 자금 유입 없이 중간 가격대에서 정체되는 흐름을 보이고 있다고 보도했다. 주요 기술적... ","Thu, 03 Apr 2025 14:44:00 +0900"
73,&quot;우리 친구 아냐?&quot;… EU부터 인구 2천 노퍽섬까지 美 관세 반응 보니,https://www.newscj.com/news/articleView.html?idxno=3253554,https://www.newscj.com/news/articleView.html?idxno=3253554,"유가는 2달러 이상, <b>비트코인</b>은 4.4% 떨어졌다. 영국은 미국과의 긴밀한 관계를 강조하며 10% 관세의 영향을 최소화하기 위한 무역협정을 희망한다고 밝혔다. 조르자 멜로니 이탈리아 총리는 &quot;이 조치는 옳지 않다&quot;며... ","Thu, 03 Apr 2025 14:44:00 +0900"
74,"<b>비트코인</b>, 8만2천 달러 방어했지만…이번 주 2가지 거시 이벤트가 가격...",http://coinreaders.com/153684,http://coinreaders.com/153684,"4월 3일(현지시간) 암호화폐 전문매체 코인게이프에 따르면, 도널드 트럼프 미국 대통령의 ‘해방의 날(Liberation Day)’ 관세 발표 이후 <b>비트코인</b>(BTC)은 일시적인 급락에도 불구하고 82,000달러 지지선 방어에... ","Thu, 03 Apr 2025 14:42:00 +0900"
75,"트럼프 관세정책, ChatGPT 계산과 일치… AI 설계 의혹 확산",https://www.tokenpost.kr/news/cryptocurrency/234238,https://www.tokenpost.kr/news/cryptocurrency/234238,"<b>비트코인</b>(BTC)은 약 5,500달러 하락하며 8만 2,277달러(약 1억 2,010만 원)까지 떨어졌다가 소폭 반등했다. 이 여파로 전체 암호화폐 시장도 5% 가량 하락하며 민감한 반응을 보였다.","Thu, 03 Apr 2025 14:40:00 +0900"
76,[<b>코인</b> 스캔] 극단적 온도차 연출한 <b>코인</b>시장…이 시각 상승·하락률 상...,https://www.tokenpost.kr/news/cryptocurrency/234237,https://www.tokenpost.kr/news/cryptocurrency/234237,"이어 빅타임(BIGTIME)은 업비트에서 활발한 손바뀜이 이루어졌으며, 테더와 <b>비트코인</b>(BTC)도 각각 주요 거래소에서 많은 거래대금을 기록하며 시장 내 소외되지 않는 흐름을 이어갔다. 스테이블코인의 강세는 불안정한... ","Thu, 03 Apr 2025 14:36:00 +0900"
77,"해킹부터 세탁까지 48시간, 북한의 완벽한 <b>비트코인</b> 해킹 공식 [The SIGNA...",http://www.hansbiz.co.kr/news/articleView.html?idxno=742126,http://www.hansbiz.co.kr/news/articleView.html?idxno=742126,"북한이 세계 3위의 <b>비트코인</b> 보유국으로 급부상한 가운데, 그 배경에는 대규모 해킹 공격과 정교한 자금 세탁 과정이 있었던 것으로 밝혀졌다. 2일 블록체인 관련 매체 코인포매니아(Coinfomania)에 따르면, 북한의 가상자산... ","Thu, 03 Apr 2025 14:34:00 +0900"
78,[핀포인트 금융포럼] 유흥수 前 금감원 부원장보 &quot;금융시장 앞으로 나가...,https://www.pinpointnews.co.kr/news/articleView.html?idxno=333774,https://www.pinpointnews.co.kr/news/articleView.html?idxno=333774,"지난해에 이어 2회째를 맞이한 이번 포럼에서는 <b>비트코인</b>의 전략자산화를 선언한 미국 정부의 움직임을 살펴보고, 우리 정부와 국내 금융권의 대응 전략을 모색했다. 이날 축사에 나선 유흥수 전(前) 금융감독원... ","Thu, 03 Apr 2025 14:30:00 +0900"
79,"<b>비트코인</b>(BTC) 개발 메일링 리스트, 스팸 공격에 수시간 차단…'검열 논...",https://www.tokenpost.kr/news/blockchain/234236,https://www.tokenpost.kr/news/blockchain/234236,<b>비트코인</b>(BTC) 핵심 개발자들이 자유롭게 의견을 교환하는 주요 커뮤니케이션 채널인 ‘<b>비트코인</b> 개발 메일링 리스트’가 수 시간 동안 사용 중단되는 사고가 발생했다. 이번 중단은 구글 그룹스(Google Groups) 플랫폼이... ,"Thu, 03 Apr 2025 14:28:00 +0900"
80,"“<b>비트코인</b> ETF, 국내에 꼭 필요”… 미래에셋 김남기의 투자 전략 조언",https://www.tokenpost.kr/news/cryptocurrency/234229,https://www.tokenpost.kr/news/cryptocurrency/234229,"김남기 미래에셋자산운용 ETF운용부문 대표는 최근 인터뷰에서 <b>비트코인</b> 현물 ETF가 국내 시장에 꼭 필요한 상품이라고 강조했다. 그는 “ETF 투자자에게 매우 유용한 자산배분 도구가 될 수 있다”며, “국내... ","Thu, 03 Apr 2025 14:20:00 +0900"
81,업<b>비트</b> 거래소에서 금일 가장 주목 받는 가상화폐는…,https://www.khgames.co.kr/news/articleView.html?idxno=238511,https://www.khgames.co.kr/news/articleView.html?idxno=238511,"'카우프로토콜', '아더', '<b>비트코인</b>에스브이', '리스크'는 순서대로 '테더'의 뒤를 쫓아 업비트 내 일일 매수 체결강도 순위 상위 5개 자산에 이름을 올리고 있다. 일일 매수 체결강도 상위 5개 가상화폐 모두 100... ","Thu, 03 Apr 2025 14:18:00 +0900"
82,"[선물 고수 PICK] 상위 트레이더, <b>비트</b>·이더 롱 비중 확대…DOGS·DOT에 강...",https://www.tokenpost.kr/news/cryptocurrency/234231,https://www.tokenpost.kr/news/cryptocurrency/234231,"[편집자주] 주요 종목 롱 포지션 현황 코인글래스에 따르면 3일 14시 3분 기준, <b>비트코인</b>에 대한 선물 상위 트레이더의 롱 포지션 비중은 달러 마진 시장에서 62.24%로, 전일 대비 1.31%p 증가했다. 코인 마진... ","Thu, 03 Apr 2025 14:16:00 +0900"
83,"<b>비트코인</b> 하락세 지속, BTC ETH XRP 3분기 시장 전망 분석",https://www.tokenpost.kr/news/cryptocurrency/234232,https://www.tokenpost.kr/news/cryptocurrency/234232,"최근 <b>비트코인</b>(BTC)은 전일 대비 0.93% 하락한 약 1억 2,265만 원에 거래되며 최근 7일간 -4.44%의 하락률을 기록했다. 이더리움(ETH)과 리플(XRP) 역시 각각 -1.82%, -0.92%의 일간 하락률을 보이며 약세장이 이어지고 있다.... ","Thu, 03 Apr 2025 14:16:00 +0900"
84,[속보] 트럼프발 관세 폭탄 이후 시장 분위기 이목…<b>비트코인</b> 이더리움...,https://www.cbci.co.kr/news/articleView.html?idxno=494306,https://www.cbci.co.kr/news/articleView.html?idxno=494306,"<b>비트코인</b> 자료사진.  3일 오후 2시 4분 기준, 암호화폐 시장이 투자자들의 이목을 끌고 있다. 이날 국내 가상자산 거래소 원화마켓에서 <b>비트코인</b>은 1억2,415만5,000원에 거래되고 있으며, 1억3,000만 원선 돌파 여부가... ","Thu, 03 Apr 2025 14:14:00 +0900"
85,트럼프發 '관세 폭탄'에 <b>코인</b> 하락장... 시장 충격파 커지나,https://www.getnews.co.kr/news/articleView.html?idxno=814683,https://www.getnews.co.kr/news/articleView.html?idxno=814683,가상자산 대장주로 꼽히는 <b>비트코인</b>을 비롯해 주요 알트코인도 하락세를 보였다. 3일 코인마켓캡에 따르면 <b>비트코인</b>은 미 백악관이 2일(현지시간) 상호관세를 발표하는 동안 일시적으로 8만7892달러(오전5시20분)까지... ,"Thu, 03 Apr 2025 14:14:00 +0900"
86,"피델리티, <b>비트코인</b>·이더리움 투자 가능한 IRA 출시",https://www.tokenpost.kr/news/blockchain/234123,https://www.tokenpost.kr/news/blockchain/234123,"이 상품은 투자자가 퇴직자산 포트폴리오에 <b>비트코인</b>(BTC), 이더리움(ETH), 라이트코인(LTC) 세 가지 디지털 자산을 포함할 수 있도록 구성되었다. IRA 계좌 유형은 총 세 가지로, 크립토 로스(Roth) IRA, 전통 IRA... ","Thu, 03 Apr 2025 14:10:00 +0900"
87,"XRP 2달러 지지선 지켜낼까...크라켄, 리플 스테이블<b>코인</b> RLUSD 상장",http://coinreaders.com/153677,http://coinreaders.com/153677,"뉴스BTC는 XRP가 <b>비트코인</b>(BTC), 이더리움(ETH)과 함께 반등을 시도했지만, 2.20달러 돌파 직후 강한 매도세가 유입됐고, 그 여파로 100시간 단순이동평균(SMA)도 하향 돌파했다고 전했다. 현재 2.235달러에서 1.... ","Thu, 03 Apr 2025 14:04:00 +0900"
88,"암호화폐 시장, 24시간 동안 레버리지 포지션 3억 2671만 달러 청산",https://www.tokenpost.kr/news/cryptocurrency/234225,https://www.tokenpost.kr/news/cryptocurrency/234225,"현재 집계된 데이터에 따르면, <b>비트코인</b>(BTC)과 이더리움(ETH)을 중심으로 대규모 청산이 발생했으며, 특히 롱 포지션 위주의 청산이 두드러졌다. 4시간 거래소 별 청산 데이터 / 코인글래스 지난 4시간 동안 가장... ","Thu, 03 Apr 2025 14:02:00 +0900"
89,[기자수첩] 업<b>비트</b>-케이뱅크 &quot;그때는 맞고 지금은 틀리다&quot;,https://www.ebn.co.kr/news/articleView.html?idxno=1657868,https://www.ebn.co.kr/news/articleView.html?idxno=1657868,특히 국내에서 <b>비트코인</b>을 비롯한 가상자산 상장지수펀드(ETF) 시장이 열린 이후에는 인터넷은행과 제휴한 거래소와 금융계열사를 보유한 시중은행 제휴 거래소의 기관투자자 거래량 격차는 더 크게 벌어질 것이다. 결국... ,"Thu, 03 Apr 2025 14:02:00 +0900"
90,美 상호관세에 <b>비트코인</b>-→솔라나 일제히 급락…전망은?,https://www.asiatoday.co.kr/view.php?key=20250403010002093,https://www.asiatoday.co.kr/view.php?key=20250403010002093,"트럼프 행정부의 상호관세 부과 발표에 <b>비트코인</b>을 포함한 주요 알트코인이 하락세를 보이고 있다. 투자자들의 위험 회피 성향과 투자 심리 위축 등으로 단기적 변동성이 확대됐지만, 전문가들은 관세 불확실성이... ","Thu, 03 Apr 2025 13:58:00 +0900"
91,신세계그룹 ‘랜더스 쇼핑페스타’ 개최... “1조4000억 물량 준비”,https://biz.chosun.com/distribution/channel/2025/04/03/5TAAJYEBAZG7NGOQMG32CV6WNA/?utm_source=naver&utm_medium=original&utm_campaign=biz,https://n.news.naver.com/mnews/article/366/0001066393?sid=101,"이마트는 모바일 애플리케이션(앱)을 이용하는 고객을 대상으로 추첨을 통해 <b>비트코인</b>을 증정하는 이벤트를 빗썸과 함께 진행한다. 트레이더스는 4~6일까지 횟감용 연어필렛(팩), 캐나다·칠레 냉장삼겹살·목심... ","Thu, 03 Apr 2025 13:57:00 +0900"
92,"리플, 기업용 스테이블<b>코인</b> RLUSD에 리플 결제 솔루션 통합",https://zdnet.co.kr/view/?no=20250403134640,https://n.news.naver.com/mnews/article/092/0002369254?sid=105,"스테이블<b>코인</b> RLUSD를 통합했다고 2일 밝혔다. RLUSD는 신뢰성, 실용성, 컴플라이언스를 기반으로 설계된... RLUSD는 현재 LMAX디지털, 제로해시, <b>비트</b>스탬프, 불리시 등 다수의 주요 거래소에 이어, 최근 글로벌 암호화폐... ","Thu, 03 Apr 2025 13:47:00 +0900"
93,[이더 옵션 데일리] 3000달러 콜옵션에 4만 ETH 집중…풋옵션 비중은 40%...,https://www.tokenpost.kr/news/cryptocurrency/234221,https://www.tokenpost.kr/news/cryptocurrency/234221,"데리<b>비트</b> 이더리움 옵션 거래량 그래프 / <b>코인</b>글래스 하루 동안 가장 많이 거래된 옵션 계약은 데리<b>비트</b>에서 거래되는 4월 4일 만기 1800달러 풋옵션으로, 약 1만2207 ETH 상당이 거래됐다. 이어 1800달러... ","Thu, 03 Apr 2025 13:46:00 +0900"
94,"메타플래닛, 1600만 달러 투자해 <b>비트코인</b> 160개 추가 매입...총 보유량...",https://www.tokenpost.kr/news/cryptocurrency/234218,https://www.tokenpost.kr/news/cryptocurrency/234218,"일본 상장기업 메타플래닛이 공격적인 매입 전략을 지속하며 기업 재무에 <b>비트코인</b> 160개를 추가했다고 수요일 발표했다. 2일(현지시간) 크립토뉴스에 따르면, 도쿄 증시 상장 기업인 메타플래닛이 수요일 최신 매입... ","Thu, 03 Apr 2025 13:46:00 +0900"
95,[<b>비트</b> 옵션 데일리] 미결제약정 249억 달러…10만·12만 달러 콜옵션 수...,https://www.tokenpost.kr/news/cryptocurrency/234214,https://www.tokenpost.kr/news/cryptocurrency/234214,"<b>비트코인</b> 가격이 조정 흐름을 보이는 가운데, 데리비트에서는 행사가 10만 달러와 12만 달러인 콜옵션에 각각 3000 BTC 이상 미결제약정이 형성됐다. 콜옵션 비중은 전체의 58.58%로, 시장 참여자들의... ","Thu, 03 Apr 2025 13:34:00 +0900"
96,<b>비트코인</b>만 갖고 있다면?…암호화폐도 분산 투자 필수,https://www.digitaltoday.co.kr/news/articleView.html?idxno=559998,https://www.digitaltoday.co.kr/news/articleView.html?idxno=559998,<b>비트코인</b> [사진: Reve AI] 암호화폐 투자에서도 분산 전략이 필수적이라는 주장이 나왔다. 2일(현지시간) 블록체인 매체 코인데스크에 따르면 위즈덤트리의 디지털 자산 리서치 디렉터 도빌레 실렌스키테(Dovile Silenskyte)... ,"Thu, 03 Apr 2025 13:20:00 +0900"
97,2025년 2분기 <b>비트코인</b> 자산배분 전략 | 반감기 사이클과 글로벌 유동성...,https://www.dentalnews.or.kr/news/article.html?no=43747,https://www.dentalnews.or.kr/news/article.html?no=43747,최명진 원장의 자산배분 이야기 175 최근 자산 시장에서 <b>비트코인</b>은 전통적 투자자산과는 구분되는 독특한 특성이 있으면서 다른 자산들과 상관계수가 낮은 독립적인 자산군으로 인정받고 있다. <b>비트코인</b>을 단순한... ,"Thu, 03 Apr 2025 13:12:00 +0900"
98,‘미 관세폭탄’ 국제통상질서 휘청,https://www.naeil.com/news/read/543428?ref=naver,https://www.naeil.com/news/read/543428?ref=naver,<b>비트코인</b>도 8만5000달러 아래로 밀렸다. 전문가들은 “관세율 자체보다 그 불확실성과 자의성이 시장을 위협한다”고 분석했다. 기술기업 의존도가 높은 미국 증시는 특히 취약하다. 웨드부시(Wedbush)의 애널리스트 댄... ,"Thu, 03 Apr 2025 13:08:00 +0900"
99,"미국, 한국에 25% 관세…한미FTA 무력화",https://www.naeil.com/news/read/543457?ref=naver,https://www.naeil.com/news/read/543457?ref=naver,"주요 기술기업인 애플과 엔비디아의 주가도 하락했고, 암호화폐 <b>비트코인</b>은 관세 발표 직후 8만5000달러 아래로 급락했다. 미국 소비자들이 수입품 가격 인상 부담을 떠안을 수 있다는 전망도 제기됐다. 무역정책을... ","Thu, 03 Apr 2025 13:06:00 +0900"
100,"미국, 한국에 25% 관세…한미FTA 무력화",https://www.naeil.com/news/read/543457?ref=naver,https://www.naeil.com/news/read/543457?ref=naver,"주요 기술기업인 애플과 엔비디아의 주가도 하락했고, 암호화폐 <b>비트코인</b>은 관세 발표 직후 8만5000달러 아래로 급락했다. 미국 소비자들이 수입품 가격 인상 부담을 떠안을 수 있다는 전망도 제기됐다. 무역정책을... ","Thu, 03 Apr 2025 13:06:00 +0900"
101,3일 금시세 및 가상화폐시세,http://www.technoa.co.kr/news/articleView.html?idxno=98977,http://www.technoa.co.kr/news/articleView.html?idxno=98977,"다음은 대표 가상화폐인 <b>비트코인</b>과 리플, 도지코인, 오피셜 트럼프의 시세이다. 4월 3일, 오후 12시 29분, <b>비트코인</b>(바이낸스) 1BTC 83,572.41 달러 리플(바이낸스) 1XRP 2.06 달러 4월 2일, 오후 12시 15분, <b>비트코인</b>(바이낸스)... ","Thu, 03 Apr 2025 12:58:00 +0900"
102,"[코인 시황] <b>비트코인</b>, 트럼프 관세 충격 속 83K로 후퇴…금과 대조",https://www.newspim.com/news/view/20250403000610,https://www.newspim.com/news/view/20250403000610,권지언 특파원 = 도널드 트럼프 미국 대통령의 강력한 관세 발표 충격에 <b>비트코인</b> 가격이 8만 3000달러 선으로 하락했다. 코인데스크에 따르면 한국시간 기준 3일 오후 12시 38분 현재 <b>비트코인</b> 가격은 24시간 전보다 1.54... ,"Thu, 03 Apr 2025 12:43:00 +0900"
103,"<b>비트코인</b>, '4년 주기' 깨졌다...ETF 열풍에 반감기 전 사상 최고가 경신",http://www.hansbiz.co.kr/news/articleView.html?idxno=742226,http://www.hansbiz.co.kr/news/articleView.html?idxno=742226,<b>비트코인</b>이 기존 4년 주기의 사이클을 깨고 새로운 길을 개척하면서 투자 패턴과 시장 구조에도 근본적인 변화가 감지되고 있다. 2일(현지시각) 저명한 디지털자산 시장 분석가 배트맨(BATMAN)은 현재 진행 중인 2024... ,"Thu, 03 Apr 2025 12:40:00 +0900"
104,"<b>비트코인</b> 등 가상화폐, 상호관세 발표 이후 하락",https://www.yna.co.kr/view/PYH20250403112600013?input=1196m,https://n.news.naver.com/mnews/article/001/0015308359?sid=101,"3일 트럼프 행정부가 발표한 '관세 폭탄'에 <b>비트코인</b>, 이더리움 등이 약세를 보이고 있다. 사진은 이날 서울 서초구 빗썸라운지. 2025.4.3","Thu, 03 Apr 2025 12:22:00 +0900"
105,"<b>비트코인</b> 등 가상화폐, 상호관세 발표 이후 하락",https://www.yna.co.kr/view/PYH20250403112500013?input=1196m,https://n.news.naver.com/mnews/article/001/0015308361?sid=101,"3일 트럼프 행정부가 발표한 '관세 폭탄'에 <b>비트코인</b>, 이더리움 등이 약세를 보이고 있다. 사진은 이날 서울 서초구 빗썸라운지. 2025.4.3","Thu, 03 Apr 2025 12:22:00 +0900"
106,"<b>비트코인</b> 등 가상화폐, 상호관세 발표 이후 하락",https://www.yna.co.kr/view/PYH20250403112400013?input=1196m,https://n.news.naver.com/mnews/article/001/0015308360?sid=101,"3일 트럼프 행정부가 발표한 '관세 폭탄'에 <b>비트코인</b>, 이더리움 등이 약세를 보이고 있다. 사진은 이날 서울 서초구 빗썸라운지. 2025.4.3","Thu, 03 Apr 2025 12:22:00 +0900"
107,"<b>비트코인</b> 등 가상화폐, 상호관세 발표 이후 하락",https://www.yna.co.kr/view/PYH20250403112200013?input=1196m,https://n.news.naver.com/mnews/article/001/0015308357?sid=101,"3일 트럼프 행정부가 발표한 '관세 폭탄'에 <b>비트코인</b>, 이더리움 등이 약세를 보이고 있다. 사진은 이날 서울 서초구 빗썸라운지. 2025.4.3","Thu, 03 Apr 2025 12:21:00 +0900"
108,"<b>비트코인</b> 등 가상화폐, 상호관세 발표 이후 하락",https://www.yna.co.kr/view/PYH20250403112100013?input=1196m,https://n.news.naver.com/mnews/article/001/0015308356?sid=101,"3일 트럼프 행정부가 발표한 '관세 폭탄'에 <b>비트코인</b>, 이더리움 등이 약세를 보이고 있다. 사진은 이날 서울 서초구 빗썸라운지. 2025.4.3","Thu, 03 Apr 2025 12:21:00 +0900"
109,"<b>비트코인</b> 등 가상화폐, 상호관세 발표 이후 하락",https://www.yna.co.kr/view/PYH20250403112300013?input=1196m,https://n.news.naver.com/mnews/article/001/0015308358?sid=101,"3일 트럼프 행정부가 발표한 '관세 폭탄'에 <b>비트코인</b>, 이더리움 등이 약세를 보이고 있다. 사진은 이날 서울 서초구 빗썸라운지. 2025.4.3","Thu, 03 Apr 2025 12:21:00 +0900"
110,"KODA, <b>비트코인</b> 스테이킹 ‘바빌론’과 협력 추진",https://www.mk.co.kr/article/11281515,https://n.news.naver.com/mnews/article/009/0005470165?sid=101,"바빌론은 세계 최초의 <b>비트코인</b> 스테이킹 프로토콜이다. <b>비트코인</b> 보유자가 <b>비트코인</b>을 PoS 체인, L2, 데이터 가용성(DA) 레이어 등과 같은 지분 증명 시스템에 스테이킹할 수 있다. 이번 협력을 통해 바빌론랩스는... ","Thu, 03 Apr 2025 12:17:00 +0900"
111,트럼프發 관세폭탄에 <b>비트코인</b> '휘청'...밈코인 '오피셜트럼프' 11.6% 폭...,http://www.hansbiz.co.kr/news/articleView.html?idxno=742223,http://www.hansbiz.co.kr/news/articleView.html?idxno=742223,"<b>비트코인</b>이 8만 달러선까지 추락한 가운데, 트럼프 전 대통령이 직접 출시한 'Official Trump' 코인마저 두 자릿수 하락률을 기록했다. 3일 코인게코 데이터에 따르면 <b>비트코인</b>은 24시간 만에 3.3% 급락한 8만2484달러에... ","Thu, 03 Apr 2025 12:14:00 +0900"
112,"[오후 시세브리핑] 암호화폐 시장 혼조세… <b>비트코인</b> 83,741달러, 이더리...",https://www.tokenpost.kr/news/briefing/234170,https://www.tokenpost.kr/news/briefing/234170,"토큰포스트마켓에 따르면 한국시간 3일 오전 기준 <b>비트코인</b>(BTC)은 전날 대비 -1.20% 하락한 83,741.83달러(약 1억2284만원)에 거래되고 있다. 이더리움(ETH)은 전날보다 -2.57% 하락한 1,830.11달러(약 268만5552원)를... ","Thu, 03 Apr 2025 12:04:00 +0900"
113,[오후 뉴스브리핑] 24시간 기준 $4.84억 규모 선물 포지션 강제 청산 外,https://www.tokenpost.kr/news/briefing/234169,https://www.tokenpost.kr/news/briefing/234169,"아서 헤이즈 &quot;BTC, 美 세금 납부일까지 $76,500 지지해야&quot; <b>비트</b>멕스의 아서 헤이즈가 BTC가 4월 15일까지 7.65만 달러 이상을 유지해야 한다고 언급했다. <b>코인</b>베이스, RSR 상장 로드맵 추가 <b>코인</b>베이스가 RSR을 상장... ","Thu, 03 Apr 2025 12:04:00 +0900"
114,리플(엑스알피) 시세 '거대한 폭발' 오나?…긍정 전망과 위험 요소는,https://www.cbci.co.kr/news/articleView.html?idxno=494244,https://www.cbci.co.kr/news/articleView.html?idxno=494244,"코인게이프에 따르면 <b>비트코인</b> 투자자이자 트레이더로 자신을 소개하는 'Coinvo'는 X(구 트위터)에서 XRP가 현재 '축적 단계'에 있으며, 이는 장기적으로 강한 상승 돌파로 이어질 수 있다고 주장했다. 그는 주간... ","Thu, 03 Apr 2025 12:00:00 +0900"
115,"빗썸, &quot;블록체인 레이어1 네트워크 지각 변동&quot;",https://www.khgames.co.kr/news/articleView.html?idxno=238498,https://www.khgames.co.kr/news/articleView.html?idxno=238498,빗썸은 <b>비트코인</b>을 제외하고 가상화폐 생태계에서 시장 점유율이 가장 컸던 이더리움의 영향력이 하락하고 후발 주자였던 레이어1 네트워크가 부상하는 과정을 통해 판도가 바뀌었다고 소개했다. 분석진에 따르면... ,"Thu, 03 Apr 2025 11:56:00 +0900"
116,XRP 5달러 간다면 시바이누도 날아오를까?,http://coinreaders.com/153663,http://coinreaders.com/153663,"다만 이러한 상승은 SHIB 소각률 증가, 고래 매집, <b>비트코인</b> 흐름, 소셜미디어 관심도 등 외부 요소와 함께 움직일 가능성이 크다. 전문가들은 SHIB의 급등이 단순히 XRP에 의존하지 않으며, 자체적인 토큰... ","Thu, 03 Apr 2025 11:52:00 +0900"
117,트럼프 '관세 폭탄'…<b>코인</b>시장 또 출렁,http://news.bizwatch.co.kr/article/mobile/2025/04/03/0015,https://n.news.naver.com/mnews/article/648/0000034988?sid=101,3일 국내 가상자산거래소에 따르면 <b>비트코인</b>(BTC)은 1억3000만원대까지 올랐다가 트럼프의 관세 부과 발표 직후 1억2200만원까지 6% 가량 급락했다. 이후 소폭 반등해 1억2400만원까지 올랐지만 지난 5일간의 상승분을 모두... ,"Thu, 03 Apr 2025 11:52:00 +0900"
118,"피델리티, <b>비트코인</b> 등 암호화폐 IRA 출시",https://www.jemin.com/news/articleView.html?idxno=794184,https://www.jemin.com/news/articleView.html?idxno=794184,"피델리티 디지털 자산은 개인이 <b>비트코인</b>, 이더리움, 라이트코인에 투자할 수 있는 기회를 제공한다. 피델리티 크립토 포 IRA, 피델리티 크립토 트래디셔널 IRA, 피델리티 크립토... ","Thu, 03 Apr 2025 11:46:00 +0900"
119,"뉴<b>비트</b>, 또 찢었다…숨겨져 있었던 '힘숨찐'",https://tenasia.hankyung.com/article/2025040380524,https://m.entertain.naver.com/article/312/0000706765,챔피언'에서 정규 1집 'RAW AND RAD'(러 앤 래드)의 선공개곡 'HICCUPS'(히컵스)와 타이틀곡 'Flip the Coin'(플립 더 <b>코인</b>) 무대를 선보였다. 이날 뉴<b>비트</b>는 캐주얼한 매력이 돋보이는 의상을 입고 무대에 올라 유니크한... ,"Thu, 03 Apr 2025 11:45:00 +0900"
120,"아서 헤이즈 &quot;<b>비트코인</b>(BTC), 연말까지 25만 달러 가능성 있다&quot;",https://www.tokenpost.kr/news/cryptocurrency/234166,https://www.tokenpost.kr/news/cryptocurrency/234166,"비트멕스(BitMEX)의 공동 창립자이자 암호화폐 시장의 대표적 강세론자 중 한 명인 아서 헤이즈(Arthur Hayes)가 <b>비트코인</b>(BTC)의 연말까지 가격이 25만 달러(약 3억 7,400만 원)에 도달할 가능성을 다시 한 번 강조했다. 그는... ","Thu, 03 Apr 2025 11:42:00 +0900"
121,트럼프發 관세폭탄에 <b>비트코인</b> 8만 달러 붕괴…암호화폐 전반 급락,https://www.tokenpost.kr/news/cryptocurrency/234165,https://www.tokenpost.kr/news/cryptocurrency/234165,"<b>비트코인</b>(BTC)은 하루 만에 4.74% 하락하며 1BTC당 8만 3,110달러까지 밀렸고, 이더리움(ETH), 솔라나(SOL), XRP 등 주요 알트코인들도 두 자릿수 하락률을 기록했다. 전통 금융시장 역시 동반 약세를 보였으며, 특히 일본 닛케이... ","Thu, 03 Apr 2025 11:38:00 +0900"
122,"&quot;투심 악화&quot;…<b>비트코인</b>, 상호관세 발표 이후 3% 급락",https://www.widedaily.com/news/articleView.html?idxno=264004,https://www.widedaily.com/news/articleView.html?idxno=264004,"트럼프 행정부의 상호관세가 최악의 시나리오대로 발표되면서 <b>비트코인</b>도 출렁였다. <b>비트코인</b>은 간밤 상호관세 발표를 앞두고 강도조절에 대한 기대감으로 1억3000만원대까지 반등했다가, 발표 이후... ","Thu, 03 Apr 2025 11:38:00 +0900"
123,"KODA, 기관 대상 <b>비트코인</b> 스테이킹 서비스 본격 진출 [투자360]",https://biz.heraldcorp.com/article/10457230?ref=naver,https://n.news.naver.com/mnews/article/016/0002452198?sid=101,바빌론 랩스와 협력…<b>비트코인</b> 스테이킹 프로토콜 통합 기관 등 투자가에게 안전한 스테이킹 환경 제공 가상자산 수탁사 한국디지털에셋(KODA)은 글로벌 블록체인 프로토콜 개발사 바빌론 랩스(Babylon Labs)와 협력해 기관... ,"Thu, 03 Apr 2025 11:37:00 +0900"
124,유튜브 꽉 잡고 있는 추성훈X홍석천 &quot;이태원 클럽 만들자&quot; 의기투합(추...,http://enews.imbc.com/News/RetrieveNewsInfo/455703,https://m.entertain.naver.com/article/408/0000260490,"이런 가운데 &quot;클럽 투자는 누가 하냐&quot;라는 주제가 나오자, 추성훈과 홍석천은 곧바로 대답하지 못하고 &quot;주식, <b>비트코인</b> 때문에 많이 잃었다&quot;며 말끝을 흐리는 모습으로 폭소를 유발했다. 또 홍석천이 ‘추성훈의 PT로 제대로... ","Thu, 03 Apr 2025 11:36:00 +0900"
125,"선제적 혁신 그룹 '미래에셋', 테마형 ETF로 글로벌 경쟁력 강화",http://www.opinionnews.co.kr/news/articleView.html?idxno=115137,http://www.opinionnews.co.kr/news/articleView.html?idxno=115137,여기에 <b>비트코인</b> 관련 상품도 개발 추진 중에 있다. 미래에셋자산운용 관계자는 &quot;미래에셋은 글로벌 시장에서 경쟁력을 강화하기 위해 지속적인 혁신을 추구하고 있다&quot;며 &quot;이를 통해 차별화된 상품을... ,"Thu, 03 Apr 2025 11:28:00 +0900"
126,트럼프의 ‘국가비상사태’ 선포에 암호화폐 급락…'극단적 공포' 속 저...,http://coinreaders.com/153661,http://coinreaders.com/153661,"이에 따라 <b>비트코인</b>(BTC)은 장중 최고가 88,500달러에서 82,876달러까지 하락했고, 이더리움(ETH)은 6% 급락하며 1,797달러를 기록했다. 전체 암호화폐 시총은 5.3% 감소한 2조 7,000억 달러까지 내려갔다. 암호화폐 공포... ","Thu, 03 Apr 2025 11:26:00 +0900"
127,"<b>비트코인</b> 시세 하락에도 지지기반 굳건, 기관 및 대형 투자자 매수세 지...",https://www.businesspost.co.kr/BP?command=article_view&num=389875,https://www.businesspost.co.kr/BP?command=article_view&num=389875,<b>비트코인</b> 시세에 하방압력이 커지고 있지만 기관 투자자와 대규모 자산가들의 매수세는 꾸준히 이어지고 있다는 분석이 나왔다. 이는 중장기 시세 상승에 청신호로 꼽히는 만큼 추가 하락폭은 크지 않을 것이라는 전망도... ,"Thu, 03 Apr 2025 11:26:00 +0900"
128,"크라켄, 캐나다 당국 엄격 심사 통과... 암호화폐 시장 새로운 장 열리...",https://www.pinpointnews.co.kr/news/articleView.html?idxno=333742,https://www.pinpointnews.co.kr/news/articleView.html?idxno=333742,"<b>비트코인</b>. 사진=로이터 연합뉴스 캐나다 암호화폐 시장이 중대한 '터닝 포인트'를 맞이한 가운데, 암호화폐 거래소 크라켄이 캐나다 증권 관리국(CSA)으로부터 '제한적 딜러' 지위를 확보해 업계의 이목을 집중시키고 있다.... ","Thu, 03 Apr 2025 11:22:00 +0900"
129,美 관세 폭탄에…가상자산도 직격탄,https://biz.heraldcorp.com/article/10457143?ref=naver,https://n.news.naver.com/mnews/article/016/0002452124?sid=101,트럼프 발표 3시간 만에 폭락장 인플레 우려·위험자산 회피 확산 한달새 ETF레버리지 1.6억弗 ↓ <b>비트코인</b>이 미국의 상호관세 발표로 불과 3시간 만에 8만8000달러 목전에서 8만2000달러대로 급락했다. 주요... ,"Thu, 03 Apr 2025 11:18:00 +0900"
130,"<b>비트코인</b>, 8만 달러도 무너질까? 금은 사상 최고치 돌파!...美 세금 납부...",http://coinreaders.com/153660,http://coinreaders.com/153660,"4월 3일(현지시간) 암호화폐 전문매체 코인게이프에 따르면, 도널드 트럼프 대통령의 전면적 관세 발표 이후 <b>비트코인</b>(Bitcoin) 가격이 82,000달러까지 급락하며 대규모 매도세에 직면했다. 반면 금(Gold)은 투자자들의... ","Thu, 03 Apr 2025 11:12:00 +0900"
131,[트럼프 '관세폭탄'] 가상자산 잇따라 '급락'…금값은 강세,http://www.metroseoul.co.kr/article/20250403500227,http://www.metroseoul.co.kr/article/20250403500227,/<b>비트코인</b> 트럼프 발(發) 관세 전쟁 여파가 가상자산 시장을 강타했다. 시장의 예측보다 강도 높은 상호관세 정책이 시행되면서 위험자산 투자심리가 위축됐다. 트럼프의 발표 직후 <b>비트코인</b>과 이더리움을 비롯한... ,"Thu, 03 Apr 2025 11:08:00 +0900"
132,"블랙록, 영국 암호자산사 등록 승인…갤럭시디지털은 파생상품 거래 허...",https://www.tokenpost.kr/news/blockchain/234126,https://www.tokenpost.kr/news/blockchain/234126,"2일(현지시간) 더블록에 따르면, 세계 최대 자산운용사 블랙록(BlackRock)이 영국 금융감독청(FCA)으로부터 암호자산 기업으로 정식 등록되며, 유럽 내 <b>비트코인</b> 상장지수상품(ETP) 운용이 본격화될 것으로 보인다.... ","Thu, 03 Apr 2025 11:06:00 +0900"
133,[美 상호관세] 트럼프 관세폭탄에 <b>비트코인</b>·크립토 관련주도 줄줄이 하...,https://news.einfomax.co.kr/news/articleView.html?idxno=4349521,https://news.einfomax.co.kr/news/articleView.html?idxno=4349521,"이장원 선임기자 = 도널드 트럼프 미국 대통령의 상호관세 발표 이후 <b>비트코인</b>과 크립토 관련 주식들도 큰 폭 하락했다. 3일 오전 8시32분 현재 연합인포맥스 크립토종합화면(2550)에 따르면, <b>비트코인</b> 가격은... ","Thu, 03 Apr 2025 11:02:00 +0900"
134,트럼프 관세 폭탄에 <b>비트코인</b>(BTC)·이더리움(ETH) 급락… 암호화폐 시장...,https://www.tokenpost.kr/news/cryptocurrency/234161,https://www.tokenpost.kr/news/cryptocurrency/234161,"관세 소식이 첫 보도됐을 때 <b>비트코인</b>(BTC)은 한때 8만 8,500달러(약 1억 2,910만 원)로 급등했지만 이후 2.6% 하락하며 8만 2,876달러(약 1억 2,100만 원) 수준으로 밀렸다. 이더리움(ETH) 역시 6% 넘게 하락하며 1,797달러(약 262만... ","Thu, 03 Apr 2025 11:00:00 +0900"
135,<b>비트</b>버니 퀴즈 4월 3일 정답은?,http://www.namdonews.com/news/articleView.html?idxno=814993,http://www.namdonews.com/news/articleView.html?idxno=814993,"<b>비트</b>버니 오늘의 상식 퀴즈는 매일 오전 0시부터 하루동안 진행되는 퀴즈로 정답을 맞출 시 최대100C(<b>코인</b>)을 획득할 수 있다. 2025년 4월 3일 <b>비트</b>버니 퀴즈 문제는 '강력한 항산화 작용을 하며, 세균과 바이러스를 억제하는... ","Thu, 03 Apr 2025 10:56:00 +0900"
136,트럼프 관세 발표 직후 암호화폐 시장서 5억 달러 청산…<b>비트코인</b> 급락...,http://coinreaders.com/153658,http://coinreaders.com/153658,"4월 3일(현지시간) 암호화폐 전문매체 데일리호들에 따르면, 도널드 트럼프 미국 대통령이 전면적 관세 부과 행정명령을 발표한 이후, <b>비트코인</b>(BTC)을 비롯한 암호화폐 시장 전반에서 하루 동안 5억 1,800만 달러... ","Thu, 03 Apr 2025 10:48:00 +0900"
137,"송치형 두나무 회장, ‘유저 중심주의’ 강조… K-<b>코인</b>계 지침될까",https://www.geconomy.co.kr/news/article.html?no=296771,https://www.geconomy.co.kr/news/article.html?no=296771,"<b>비트코인</b>으로 대표되는 가상자산 시장은 채굴 기업들의 정책 영향을 강하게 받는다. 채굴 기업들이 보상과 코인 가격을 두고 채산성을 따지는데, 만일 수지타산이 맞지 않는다면 기업을 매각해버리거나 폐업하는 경우가... ","Thu, 03 Apr 2025 10:44:00 +0900"
138,[<b>코인</b> TOP 10 주간동향] 고체인 (GO) 100%↑... 테더 (USDT) 매수 체결 강...,https://www.tokenpost.kr/news/cryptocurrency/234157,https://www.tokenpost.kr/news/cryptocurrency/234157,"01% 업비트에 따르면 <b>비트코인</b>은 <b>비트코인</b>은 현재 8만 3909달러(약 1억 2464만원)에 거래되고 있다. 원화 마켓에서 매수, 매도 체결 강도가 높은 가상자산들이 눈에 띄고 있다. [업비트... ","Thu, 03 Apr 2025 10:42:00 +0900"
139,<b>비트코인</b> 거래소 유입량 급증…단기 조정 불가피할까? 고래 매수는 여전...,http://coinreaders.com/153657,http://coinreaders.com/153657,"4월 3일(현지시간) 암호화폐 전문매체 AMB크립토에 따르면, 최근 96시간 동안 21,000개 이상의 <b>비트코인</b>(BTC)이 거래소로 이동하면서 매도 압력 상승 신호가 나타났다. 이는 과거 국면에서 지역 고점 형성 전 나타난... ","Thu, 03 Apr 2025 10:42:00 +0900"
140,"<b>비트코인</b>, 관세 발표에 8만2000달러로 내려앉아…&quot;저항선 버텼다&quot; [Bit코...",https://www.etoday.co.kr/news/view/2458608,https://www.etoday.co.kr/news/view/2458608,이투데이=한종욱 기자 | <b>비트코인</b>이 관세 충격에 급락했다. 3일(한국시간) 오전 9시 40분 가상자산(암호화폐) 통계사이트 코인게코에 따르면 <b>비트코인</b>은 전일 대비 2.2% 하락한 8만3212.01달러(주요 거래소 평균가)에... ,"Thu, 03 Apr 2025 10:42:00 +0900"
141,전 세계 덮친 美 '상호관세' 공포…<b>비트코인</b> 8만2000달러 '뚝'[코인브리...,https://www.news1.kr/finance/blockchain-fintech/5741314,https://n.news.naver.com/mnews/article/421/0008170460?sid=101,가상자산 투자 심리 '극단적 공포' 전환…<b>비트코인</b> 8만2000달러 '뚝' 미국의 '상호관세' 발표로 <b>비트코인</b>(BTC) 가격이 8만2000달러 선까지 급락했다. 미국발 무역전쟁이 전세계로 확산하자 위험자산인 <b>비트코인</b>에 대한... ,"Thu, 03 Apr 2025 10:39:00 +0900"
142,알라딘 4월의 대단한 책…『돌봄이 이끄는 자리』 '읽고 싶어요',http://www.readersnews.com/news/articleView.html?idxno=114715,http://www.readersnews.com/news/articleView.html?idxno=114715,"지정학과 <b>비트코인</b>(오태민) ▲마법 같은 영상 제작을 위한 스마트폰 촬영 및 편집 with 캡컷(롱제이) ▲저녁이면 눈 냄새가 난다(사라 스트리츠베리) 또한, 대단한 책 4월호 선정도서 1권 이상 포함, 국내도서 3만원 이상... ","Thu, 03 Apr 2025 10:34:00 +0900"
143,"추성훈-홍석천, 유튜브 주름잡는 '극과 극 아조씨'들의 만남",https://www.newdaily.co.kr/site/data/html/2025/04/03/2025040300143.html,https://www.newdaily.co.kr/site/data/html/2025/04/03/2025040300143.html,"이런 가운데 &quot;클럽 투자는 누가 하냐&quot;라는 주제가 나오자, 추성훈과 홍석천은 곧바로 대답하지 못하고 &quot;주식, <b>비트코인</b> 때문에 많이 잃었다&quot;며 말끝을 흐리는 모습으로 폭소를 유발했다. 또 홍석천이 '추성훈의 PT로 제대로... ","Thu, 03 Apr 2025 10:34:00 +0900"
144,‘美관세’ 3시간 만에 5500달러 빠진 <b>비트코인</b>…ETF 레버리지 대탈출 [...,https://biz.heraldcorp.com/article/10456902?ref=naver,https://n.news.naver.com/mnews/article/016/0002452033?sid=101,[연합] [헤럴드경제=유동현 기자] <b>비트코인</b>이 미국의 상호관세 발표로 불과 3시간 만에 8만8000달러 목전에서 8만2000달러대로 급락했다. 주요 알트코인(<b>비트코인</b> 이외 가상자산)도 5% 이상 하락세다. 위험자산... ,"Thu, 03 Apr 2025 10:31:00 +0900"
145,스테이블<b>코인</b> 힘 쏟는 리플…리플 페이먼츠에 RLUSD 통합,http://www.g-enews.com/ko-kr/news/article/news_all/2025040310234453913b60030fa2_1/article.html,http://www.g-enews.com/ko-kr/news/article/news_all/2025040310234453913b60030fa2_1/article.html,"리플이 2일(현지시각), 미국 달러 기반 스테이블<b>코인</b> RLUSD를 자사의 플래그십 결제 솔루션 리플... LMAX 디지털(Digital), 제로해시(Zero Hash), <b>비트</b>스탬프(Bitstamp), 불리시(Bullish) 등 기존 파트너에 더해, 이제... ","Thu, 03 Apr 2025 10:28:00 +0900"
146,“대통령 아니라 킬러 아니야?”...가상자산 리더 자처한 트럼프의 헛발...,https://www.mk.co.kr/article/11281373,https://n.news.naver.com/mnews/article/009/0005469987?sid=101,트럼프 관세 발표에 가상자산 시장 와르르 대장주 <b>비트코인</b> 8만 2천 달러대로 후퇴 알트코인 직격탄...‘오피셜 트럼프’ 11% 폭락 트럼프 행정부의 상호관세가 발표되면서 <b>비트코인</b>를 비롯한 가상자산 시장도... ,"Thu, 03 Apr 2025 10:27:00 +0900"
147,달러 패권 위해 스테이블<b>코인</b> 택한 트럼프,https://www.mk.co.kr/article/11281370,https://n.news.naver.com/mnews/article/009/0005469984?sid=004,<b>비트코인</b> 전략자산 이슈로 가상자산 시장을 한바탕 휘저은 도널드 트럼프 대통령이 이번엔 스테이블코인(stablecoin)을 들고 나왔다. 달러 패권 체제를 유지하기 위해 스테이블코인이 유용하다는 것이 이유다. 트럼프... ,"Thu, 03 Apr 2025 10:25:00 +0900"
148,트럼프 ‘관세 폭탄’ 발표에도…<b>비트코인</b>은 ‘일부 선방’,https://www.kukinews.com/article/view/kuk202504030068,https://www.kukinews.com/article/view/kuk202504030068,트럼프 행정부의 상호관세 부과 발표에도 <b>비트코인</b> 가격은 일부 선방 흐름을 보인다. 반면 알트코인(<b>비트코인</b>을 제외한 가상자산) 들은 <b>비트코인</b> 대비 높은 낙폭을 나타낸다. 3일 글로벌 가상자산 시황 중계 사이트... ,"Thu, 03 Apr 2025 10:24:00 +0900"
149,"<b>비트코인</b>, 10주 하락세 끝내…4월 강세장 기대감↑",https://www.digitaltoday.co.kr/news/articleView.html?idxno=559980,https://www.digitaltoday.co.kr/news/articleView.html?idxno=559980,<b>비트코인</b>  [사진: 셔터스톡] <b>비트코인</b>(BTC) 가격이 10주 동안 이어진 하락세를 벗어나며 추가 상승 기대감이 커지고 있다. 2일(현지시간) 블록체인 매체 코인텔레그래프에 따르면 이날 <b>비트코인</b> 가격은 5.53% 상승하며... ,"Thu, 03 Apr 2025 10:22:00 +0900"
150,"아발란체(AVAX), 2029년까지 <b>비트코인</b>보다 더 오른다?…SC, 2,500% 상승 전...",http://coinreaders.com/153653,http://coinreaders.com/153653,"이는 현재가(약 18달러) 대비 1,326% 급등, <b>비트코인</b>(BTC)의 상승률(500%)을 뛰어넘는 수치다. 디크립트는 스탠다드차타드 디지털자산 부문 책임자 제프 켄드릭(Geoff Kendrick)의 분석을 인용해, AVAX의 급등... ","Thu, 03 Apr 2025 10:16:00 +0900"
151,"<b>비트코인</b>(BTC), 트럼프 '해방의 날' 이후 어떤 시세 흐름 보이나…단기...",https://www.cbci.co.kr/news/articleView.html?idxno=494232,https://www.cbci.co.kr/news/articleView.html?idxno=494232,"<b>비트코인</b>  도널드 트럼프 대통령의 '해방의 날' 관세 시행 이후 <b>비트코인</b> 가격에 관심이 쏠린다. 앞서 전날 미국의 특정 수입품에 대한 보복 관세를 앞두고 <b>비트코인</b>은 코인마켓캡 기준 $87,000달러 수준까지 오른 바... ","Thu, 03 Apr 2025 10:16:00 +0900"
152,&quot;흔들리는 가상화폐場&quot;... 트럼프 연설 후 <b>비트코인</b> '급락',https://www.smartfn.co.kr/news/articleView.html?idxno=106101,https://www.smartfn.co.kr/news/articleView.html?idxno=106101,"특히 <b>비트코인</b>을 포함한 가상자산들도 하락세로 전환되며 시장 불안이 확대되고 있다. 3일 오전 8시40분 글로벌 가상자산 거래소 코인베이스를 살펴보면, <b>비트코인</b>은 전 거래일(24시간) 대비 3.58% 하락한 1억2107만원에... ","Thu, 03 Apr 2025 10:04:00 +0900"
153,리플(엑스알피) 시세 20달러 상승 랠리 전망 왜?…&quot;생태계와 규제 환경...,https://www.cbci.co.kr/news/articleView.html?idxno=494225,https://www.cbci.co.kr/news/articleView.html?idxno=494225,"<b>비트코인</b>과 이더리움 ETF가 성공을 거둔 이후, 주요 금융기관들이 XRP 현물 ETF 출시를 추진하고 있다. Polymarket 데이터에 따르면, 투자자들은 2025년 말까지 XRP 현물 ETF가 승인될 확률을 100%로 보고 있다. 기관... ","Thu, 03 Apr 2025 10:04:00 +0900"
154,[오늘의 <b>비트코인</b>] 美 상호관세 발표에 급락…8만2000달러대,https://news.dealsitetv.com/articles/152967,https://news.dealsitetv.com/articles/152967,도널드 트럼프 미국 대통령이 2일(현지시간) 상호관세를 발표한 가운데 <b>비트코인</b> 가격이 8만2000달러대로 하락했다. 미 가상자산 거래소 코인베이스에 따르면 <b>비트코인</b>은 3일 오전 9시6분(현지시간 2일 오후 8시... ,"Thu, 03 Apr 2025 10:00:00 +0900"
155,"[<b>코인</b>시황] 리플, 트럼프 관세 폭탄에 2달러 '붕괴'",https://www.newsworks.co.kr/news/articleView.html?idxno=790674,https://www.newsworks.co.kr/news/articleView.html?idxno=790674,한편 <b>비트코인</b>에 대해서는 &quot;임박한 붕괴 조짐이 보이지 않는다&quot;고 언급했다. 같은 시간 <b>비트코인</b>은 하루 전보다 2.27% 하락한 8만3221달러에 거래되고 있다. 국내 가상자산 거래소 빗썸에서는 24시간 전 대비 2.41% 내린... ,"Thu, 03 Apr 2025 09:58:00 +0900"
156,[하우머니] 금값 연일 최고치 경신…언제까지?,https://biz.sbs.co.kr/article_hub/20000226442?division=NAVER,https://n.news.naver.com/mnews/article/374/0000433057?sid=101,"로버트 기요사키가 금이나 <b>비트코인</b>보다 유망하다고 점찍은 것이 바로 은이에요. 금, 은 외에도 최근 구리 가격이 오르면서 원자재 투자에 관심이 높아지고 있는데 수익률로 보면 금은동 순이 아니더라고요?... ","Thu, 03 Apr 2025 09:56:00 +0900"
157,"이오스(EOS), 20% 급등…볼타 리브랜딩·17% 스테이킹 수익률이 촉발한 ...",http://coinreaders.com/153650,http://coinreaders.com/153650,"AMB크립토는 EOS가 오는 5월 말 Vaulta로 전환될 예정이며, 이는 단순한 이름 변경이 아니라 <b>비트코인</b> 기반 금융 솔루션 exSat와 통합된 블록체인 기반 뱅킹 허브로의 진화라고 설명했다. 이에 따라 EOS 보유자와... ","Thu, 03 Apr 2025 09:52:00 +0900"
158,"&quot;투심 악화&quot;…<b>비트코인</b>, 상호관세 발표 이후 3% 급락",https://www.newsis.com/view/NISX20250403_0003124822,https://n.news.naver.com/mnews/article/003/0013160822?sid=101,"트럼프 행정부의 상호관세가 최악의 시나리오대로 발표되면서 <b>비트코인</b>도 출렁였다. <b>비트코인</b>은 간밤 상호관세 발표를 앞두고 강도조절에 대한 기대감으로 1억3000만원대까지 반등했다가, 발표 이후... ","Thu, 03 Apr 2025 09:51:00 +0900"
159,"'쇼챔' 뉴<b>비트</b>, 'Flip the Coin' X 'HICCUPS' 특별 퍼포먼스 눈길",http://www.fnnews.com/news/202504030950076983,https://m.entertain.naver.com/article/014/0005330672,챔피언'에서 정규 1집 'RAW AND RAD'(러 앤 래드)의 선공개곡 'HICCUPS'(히컵스)와 타이틀곡 'Flip the Coin'(플립 더 <b>코인</b>) 무대를 선보였다. 이날 뉴<b>비트</b>는 캐주얼한 매력이 돋보이는 의상을 입고 무대에 올라 유니크한... ,"Thu, 03 Apr 2025 09:51:00 +0900"
160,[가상자산 브리핑]트럼프 '관세 폭탄' 여파에도…<b>비트코인</b> 소폭 상승,https://www.businessplus.kr/news/articleView.html?idxno=84803,https://www.businessplus.kr/news/articleView.html?idxno=84803,트럼프 행정부가 발표한 '관세 폭탄' 여파에 하락했던 <b>비트코인</b>이 국내 거래소 기준 소폭 상승했다. 트럼프 대통령은 미국으로 들어오는 모든 수입품에 기본 10% 관세를 부과하고 60여개 교역국에 징벌적 관세를... ,"Thu, 03 Apr 2025 09:48:00 +0900"
161,"美, 한국산에 25% 관세 폭탄…코스피 급락에 가상자산 수혜 기대감",https://www.tokenpost.kr/news/market/234135,https://www.tokenpost.kr/news/market/234135,글로벌 위험 회피 심리가 커지면 <b>비트코인</b> 등 가상자산으로 자금이 이동할 수 있다. 실제로 과거에도 주요국이 무역 갈등을 겪을 때 디지털 자산 가격이 잠시 상승한 사례가 있다. 한 증권 관계자는 “관세 이슈가... ,"Thu, 03 Apr 2025 09:44:00 +0900"
162,"'마성의 매력'…뉴<b>비트</b>, '쇼챔'서 강렬 퍼포먼스 과시",https://www.etnews.com/20250403000086,https://m.entertain.naver.com/article/030/0003299712,챔피언'에서 정규 1집 'RAW AND RAD'(러 앤 래드)의 선공개곡 'HICCUPS'(히컵스)와 타이틀곡 'Flip the Coin'(플립 더 <b>코인</b>) 무대를 선보였다. 이날 뉴<b>비트</b>는 캐주얼한 매력이 돋보이는 의상을 입고 무대에 올라 유니크한... ,"Thu, 03 Apr 2025 09:41:00 +0900"
163,트럼프 관세 폭탄에 <b>비트코인</b> 하루 만에 100만 원 급락…기관도 탈출 조...,https://www.tokenpost.kr/news/cryptocurrency/234136,https://www.tokenpost.kr/news/cryptocurrency/234136,"도널드 트럼프 대통령이 3일 오전 발표한 전 세계 수입품 대상 ‘상호관세’ 정책이 글로벌 금융시장에 충격을 주며, <b>비트코인</b>(BTC) 가격도 하루 만에 100만 원 이상 급락했다. 해당 발표 직후 뉴욕증시의 대표지수인... ","Thu, 03 Apr 2025 09:38:00 +0900"
164,美 증시↑...상호관세 D-DAY-[글로벌 시황],http://www.wowtv.co.kr/NewsCenter/News/Read?articleId=A202504030223&t=NN,https://n.news.naver.com/mnews/article/215/0001204394?sid=101,<b>비트코인</b>은 8만 5천 달러 대에서 움직이고 있고요. 이더리움은 1천 800달러 대에서 거래되고 있습니다. (금) 금 선물은 오늘도 사상 최고가를 향해 달려 가고 있습니다. 스탠다드차트에서는 관세가 우려했던 것 만큼... ,"Thu, 03 Apr 2025 09:32:00 +0900"
165,1분기 '반토막'된 <b>코인</b>…2분기는 다를까,https://www.widedaily.com/news/articleView.html?idxno=263971,https://www.widedaily.com/news/articleView.html?idxno=263971,시총 1위 코인 대장주 <b>비트코인</b>은 12% 가까이 빠졌다. 이는 최근 5년간 분기별 <b>비트코인</b> 하락률 중 가장 큰 수치다. 올해 1분기 처음으로 <b>비트코인</b>에 투자했다면 가장 큰 손실을 본 셈이다. 이외에 시총 5위 BNB(-13.9%)와 6위... ,"Thu, 03 Apr 2025 09:32:00 +0900"
166,김치프리미엄 1.3%…국내 매수세 반등에 단기 전환 주목,https://www.tokenpost.kr/news/cryptocurrency/234122,https://www.tokenpost.kr/news/cryptocurrency/234122,코인별 김치프리미엄 현황 <b>비트코인</b>(BTC) 8만3098달러 1억2353만원 1.30% 이더리움(ETH) 1803.8달러 268만5000원 1.43% 솔라나(SOL) 119.87달러 17만8500원 1.47% 엑스알피(XRP) 2.03달러 3023원 1.47% 도지코인(DOGE) 0.164달러 244원 1.33... ,"Thu, 03 Apr 2025 09:32:00 +0900"
167,"“온통 순백색”…하루 열다섯번, 남극-북극 오가며 쓰는 우주의 극지 ...",https://www.hani.co.kr/arti/science/future/1190364.html,https://n.news.naver.com/mnews/article/028/0002738942?sid=105,"<b>비트코인</b> 채굴로 억만장자가 된 왕이 비용을 전액 부담했다. 액수는 공개되지 않았다. 그와 동행한 3명은 노르웨이 영화촬영감독 야니케 미켈센, 오스트레일리아 극지 탐험가 에릭 필립스, 독일 로봇 공학자 라베아... ","Thu, 03 Apr 2025 09:32:00 +0900"
168,"<b>비트코인</b>, 상호관세에 3% 급락 1억2천만원서 등락",https://it.chosun.com/news/articleView.html?idxno=2023092137668,https://it.chosun.com/news/articleView.html?idxno=2023092137668,도널드 트럼프 미국 대통령의 관세 폭탄에 <b>비트코인</b>(BTC) 가격이 급락했다. 3일 오전 글로벌 가상자산 정보 플랫폼 코인마켓캡 기준 <b>비트코인</b> 가격은 전일 대비 3.47% 내린 1억2095만원에 거래되고 있다. <b>비트코인</b>... ,"Thu, 03 Apr 2025 09:22:00 +0900"
169,"'추라이 추라이' 추성훈-홍석천, &quot;이태원 클럽 만들자&quot; 의기투합",https://www.newsinside.kr/news/articleView.html?idxno=3516119,https://www.newsinside.kr/news/articleView.html?idxno=3516119,"이런 가운데 &quot;클럽 투자는 누가 하냐&quot;라는 주제가 나오자, 추성훈과 홍석천은 곧바로 대답하지 못하고 &quot;주식, <b>비트코인</b> 때문에 많이 잃었다&quot;며 말끝을 흐리는 모습으로 폭소를 유발했다. 또 홍석천이 '추성훈의 PT로 제대로... ","Thu, 03 Apr 2025 09:16:00 +0900"
170,"'추라이 추라이' 추성훈-홍석천, &quot;이태원 클럽 만들자&quot; 의기투합",https://www.newsinside.kr/news/articleView.html?idxno=3516119,https://www.newsinside.kr/news/articleView.html?idxno=3516119,"이런 가운데 &quot;클럽 투자는 누가 하냐&quot;라는 주제가 나오자, 추성훈과 홍석천은 곧바로 대답하지 못하고 &quot;주식, <b>비트코인</b> 때문에 많이 잃었다&quot;며 말끝을 흐리는 모습으로 폭소를 유발했다. 또 홍석천이 '추성훈의 PT로 제대로... ","Thu, 03 Apr 2025 09:16:00 +0900"
171,"뉴<b>비트</b>, ‘쇼챔’ 뒤흔든 레전드 퍼포먼스…마성의 매력",https://www.mk.co.kr/article/11281228?refer=portal,https://m.entertain.naver.com/article/057/0001879681,챔피언’에서 정규 1집 ‘RAW AND RAD’(러 앤 래드)의 선공개곡 ‘HICCUPS’(히컵스)와 타이틀곡 ‘Flip the Coin’(플립 더 <b>코인</b>) 무대를 선보였다. 이날 뉴<b>비트</b>는 캐주얼한 매력이 돋보이는 의상을 입고 무대에 올라... ,"Thu, 03 Apr 2025 09:14:00 +0900"
172,[두나무 실적분석] 10배 증가한 이연법인세부채…<b>코인</b> 평가액 상승 때문,https://dealsite.co.kr/articles/139299,https://dealsite.co.kr/articles/139299,"<b>비트코인</b>, 이더리움 등 주요 가상자산의 가격 상승이 두나무의 자산가치를 끌어올렸다. 이러한 평가이익의 증가는 이연법인세부채 급증으로 이어졌다. 두나무와 같이 조단위 영업이익이 나오는 기업에서는 별다른... ","Thu, 03 Apr 2025 09:12:00 +0900"
173,"<b>비트코인</b>, 3% 하락세…8만달러 무너지나?",https://www.joongangenews.com/news/articleView.html?idxno=415822,https://www.joongangenews.com/news/articleView.html?idxno=415822,|중앙이코노미뉴스 엄현식 기자|  <b>비트코인</b>이 24시간 전 대비 3% 이상 약세를 보이며 8만달러 초반을 기록하고 있다. 3일(한국시간) 글로벌 가상화폐 시황 중계 사이트 코인마켓캡에 따르면 오전 9시 2분 기준... ,"Thu, 03 Apr 2025 09:12:00 +0900"
174,트럼프 관세 발표에 가상화폐 흔들…<b>비트코인</b>은 '선방',https://view.asiae.co.kr/article/2025040309005927007,https://n.news.naver.com/mnews/article/277/0005572135?sid=101,트럼프 행정부가 발표한 '관세 폭탄'에도 <b>비트코인</b>이 예상보다 낮은 하락 폭을 보이고 있다. 전 세계를 대상으로 부과하는 관세인 만큼 10% 이상 급락할 것이라는 의견이 지배적이던 것과 비교하면 선방했다는 평가다.... ,"Thu, 03 Apr 2025 09:10:00 +0900"
175,[인터뷰] &quot;양자컴퓨터 시대 머지않았다&quot; 만반의 준비 마친 '노르마',https://www.ddaily.co.kr/page/view/2025040221115004003,https://n.news.naver.com/mnews/article/138/0002193964?sid=105,"정 대표는 AI처럼 양자 기술이 '양날의 검'이 될 수 있냐는 질문에 &quot;공인인증서 키를 알아낼 수 있을 뿐만 아니라, <b>비트코인</b> 지갑에 대한 키 또한 알아낼 수 있다고 이야기되고 있다&quot;며 &quot;미래에 해킹 등이 가능할 것으로 볼... ","Thu, 03 Apr 2025 09:08:00 +0900"
176,"트럼프 상호관세 쇼크...장중 <b>비트코인</b> · WTI '추락', 위안화 '절하'",http://www.choicenews.co.kr/news/articleView.html?idxno=145150,http://www.choicenews.co.kr/news/articleView.html?idxno=145150,<b>비트코인</b> 가격도 장중 급락세다. 일본 엔화가치는 장중 급절상 중이다. 중국 위안화 가치는 장중 절하 중이다. 트럼프 상호관세 쇼크 속에 이같은 흐름이 전개되고 있다. 미국 경제방송 CNBC에 따르면 이날 오전... ,"Thu, 03 Apr 2025 09:06:00 +0900"
177,"아발란체, 2029년까지 36만원으로 10배 상승 전망",https://www.digitaltoday.co.kr/news/articleView.html?idxno=559939,https://www.digitaltoday.co.kr/news/articleView.html?idxno=559939,켄드릭은 &quot;결과적으로 AVAX는 향후 몇 년간 상대적인 가격 상승률 측면에서 <b>비트코인</b>과 이더리움을 모두 능가해 2029년 말에는 현재 가격의 10배 이상인 약 250달러 수준에 도달할 것으로 예상한다&quot;고 전했다.,"Thu, 03 Apr 2025 09:06:00 +0900"
178,"피델리티, 암호화폐 IRA 출시…<b>비트</b>·이더·라이트<b>코인</b> 지원",https://www.digitaltoday.co.kr/news/articleView.html?idxno=559935,https://www.digitaltoday.co.kr/news/articleView.html?idxno=559935,"2일(현지시간) 블록체인 매체 더 블록에 따르면 투자자는 피델리티 크립토 포 IRA를 통해 은퇴 포트폴리오에 암호화폐를 추가할 수 있지만, 현재 디지털 자산은 <b>비트코인</b>, 이더리움, 라이트코인으로 제한되어 있다.... ","Thu, 03 Apr 2025 09:06:00 +0900"
179,"트럼프 예상보다 훨씬 높은 관세 부과, 자본시장 경악(종합2)",https://www.news1.kr/world/usa-canada/5741072,https://n.news.naver.com/mnews/article/421/0008170109?sid=104,3일 오전 8시 50분 현재 글로벌 코인 시황 중계 사이트인 코인마켓캡에서 <b>비트코인</b>은 24시간 전보다 3.21% 하락한 8만2607달러를 기록하고 있다. 시총 2위 이더리움은 5.90% 급락한 1799달러에 거래되고 있다. 시총 4위... ,"Thu, 03 Apr 2025 09:05:00 +0900"
180,코스피 美상호관세 충격에 2.7% 급락 2430대 출발,https://biz.sbs.co.kr/article_hub/20000226456?division=NAVER,https://n.news.naver.com/mnews/article/374/0000433040?sid=101,73%) 내린 2437.43으로 출발해 하락세가 이어지고 있습니다. 같은 시각 코스닥 지수는 전장보다 14.30p(2.09%) 하락한 670.55입니다. 가상자산 <b>비트코인</b>은 전날보다 떨어진 1억2천200만원대에 거래되고 있습니다.,"Thu, 03 Apr 2025 09:03:00 +0900"
181,"[속보]‘미 상호 관세’ 여파에 코스피 2.7% 급락 출발, 원·달러 환율 ...",https://www.khan.co.kr/article/202504030902001,https://n.news.naver.com/mnews/article/032/0003360915?sid=101,"<b>비트코인</b>은 상호관세 발표 이후 하락해, 오전 8시49분 기준 국내 가상자산거래소 업비트에서 하루 전보다 3.11% 급락한 개당 1억2309만8000원에 거래되고 있다. 반면, 안전자산인 엔화와 금은 일제히 강세를 보이고... ","Thu, 03 Apr 2025 09:03:00 +0900"
182,"“대통령 변덕, 진짜 못 살겠다”...예상 뛰어넘는 관세 폭격에 <b>비트</b>코...",https://www.mk.co.kr/article/11281287,https://n.news.naver.com/mnews/article/009/0005469940?sid=101,예상치를 뛰어넘은 도널드 트럼프 미국 대통령발 관세 쇼크에 <b>비트코인</b>이 단 3시간만에 7% 급락하며 8만2000달러선으로 내려앉았다. 미국 정부는 모든 국가에 ‘10%+α’ 상호관세를 발표했다. 뉴욕증시가... ,"Thu, 03 Apr 2025 09:02:00 +0900"
183,[크립토 브리핑] 트럼프 상호관세 폭탄에 시장 휘청...<b>비트코인</b> 가격↓,https://www.techm.kr/news/articleView.html?idxno=137841,https://www.techm.kr/news/articleView.html?idxno=137841,4월 3일 <b>비트코인</b> 차트 /사진=업비트 제공 도널드 트럼프 미국 대통령이 상호관세 부과를 발표하면서 <b>비트코인</b> 가격이 급락했다. 가상자산 거래소 업비트에 따르면 3일 오전 8시 기준 <b>비트코인</b> 가격은 전일 동시간... ,"Thu, 03 Apr 2025 09:00:00 +0900"
184,"추성훈X홍석천, '이태원 클럽' 사업 빨간불…&quot;주식·<b>비트코인</b>으로 많이...",https://www.xportsnews.com/article/1981475,https://m.entertain.naver.com/article/311/0001846671,"이런 가운데 &quot;클럽 투자는 누가 하냐&quot;라는 주제가 나오자, 추성훈과 홍석천은 곧바로 대답하지 못하고 &quot;주식, <b>비트코인</b> 때문에 많이 잃었다&quot;며 말끝을 흐리는 모습으로 폭소를 유발했다. 또 홍석천이 '추성훈의 PT로 제대로... ","Thu, 03 Apr 2025 08:58:00 +0900"
185,"[속보] 트럼프 관세 폭탄에 이더리움 5.85% 급락 … 리플4.94%↓, <b>비트</b>코...",https://www.newdaily.co.kr/site/data/html/2025/04/03/2025040300069.html,https://www.newdaily.co.kr/site/data/html/2025/04/03/2025040300069.html,뉴데일리 정훈규 기자 = 뉴데일리 정훈규,"Thu, 03 Apr 2025 08:56:00 +0900"
186,"<b>비트코인</b> 1억2294만 원대 하락, 트럼프 상호관세 발표에 상승분 반납",https://www.businesspost.co.kr/BP?command=article_view&num=389805,https://www.businesspost.co.kr/BP?command=article_view&num=389805,<b>비트코인</b> 시세가 1억2294만 원대에서 하락하고 있다. 도널드 트럼프 미국 대통령이 상호관세를 발표한 뒤 일시적으로 가격 상승세가 멈춘 것으로 파악됐다. 도널드 트럼프 미국 대통령이 상호관세를 발표한 뒤... ,"Thu, 03 Apr 2025 08:54:00 +0900"
187,"美 관세 발표에 요동치는 <b>비트코인</b>, 8만 2000달러대 하락",http://www.edaily.co.kr/news/newspath.asp?newsid=02122166642132512,https://n.news.naver.com/mnews/article/018/0005977345?sid=105,3일 글로벌 가상자산 시황중계 사이트 코인마켓캡에 따르면 이날 오전 8시 30분 기준 <b>비트코인</b> 가격은 24시간 전 대비 3.06% 내린 8만 3673달러를 기록했다. <b>비트코인</b> 가격은 이날 오전 5시께 8만 7892달러까지 오른뒤... ,"Thu, 03 Apr 2025 08:50:00 +0900"
188,트럼프 관세 폭탄에 리플 결국 2달러 붕괴(상보),https://www.news1.kr/world/usa-canada/5741039,https://n.news.naver.com/mnews/article/421/0008170023?sid=104,3일 오전 8시 40분 현재 글로벌 코인 시황 중계 사이트인 코인마켓캡에서 <b>비트코인</b>은 24시간 전보다 3.21% 하락한 8만2607달러를 기록하고 있다. 시총 2위 이더리움은 5.90% 급락한 1799달러에 거래되고 있다. 시총 4위... ,"Thu, 03 Apr 2025 08:45:00 +0900"
189,뉴<b>비트</b> ‘쇼챔’을 뒤흔들었다,https://sports.khan.co.kr/article/202504030838003?pt=nv,https://m.entertain.naver.com/article/144/0001029960,챔피언’에서 정규 1집 ‘RAW AND RAD’(러 앤 래드)의 선공개곡 ‘HICCUPS’(히컵스)와 타이틀곡 ‘Flip the Coin’(플립 더 <b>코인</b>) 무대를 선보였다. 이날 뉴<b>비트</b>는 캐주얼한 매력이 돋보이는 의상을 입고 무대에 올라... ,"Thu, 03 Apr 2025 08:41:00 +0900"
190,[NFT 기상도] 크립토펑크·BAYC '추락' …두들스·퍼기 펭귄스 '비상',http://www.newsdream.kr/news/articleView.html?idxno=80789,http://www.newsdream.kr/news/articleView.html?idxno=80789,또 <b>비트코인</b> 기반 NFT는 총 판매량이 감소했음에도 평균 가격은 상승하는 기현상을 나타내고 있다. ◆예측불허 혼돈의 NFT 시장…하락장 속 인기 컬렉션 순위 변동 해외 블록체인 전문 매체 코인텔레그래프... ,"Thu, 03 Apr 2025 08:34:00 +0900"
191,[아주경제 코이너스 브리핑] 트럼프發 관세 폭탄에…<b>비트코인</b> 8만2000달...,https://www.ajunews.com/view/20250403081620090,https://www.ajunews.com/view/20250403081620090,아주경제=이서영 기자 2s0@ajunews.com 도널드 트럼프 미국 대통령이 대규모 상호관세를 발표하면서 8만7000달러대까지 상승했던 <b>비트코인</b> 가격이 8만2000달러대로 급락했다. 3일 글로벌코인시황사이트 코인마켓캡에... ,"Thu, 03 Apr 2025 08:32:00 +0900"
192,"홍석천 “추성훈, 내 스타일 아니다”(‘추라이추라이’)",http://www.osen.co.kr/article/G1112537195,https://m.entertain.naver.com/article/109/0005274730,"이런 가운데 &quot;클럽 투자는 누가 하냐&quot;라는 주제가 나오자, 추성훈과 홍석천은 곧바로 대답하지 못하고 &quot;주식, <b>비트코인</b> 때문에 많이 잃었다&quot;며 말끝을 흐리는 모습으로 폭소를 유발했다. 또 홍석천이 ‘추성훈의 PT로... ","Thu, 03 Apr 2025 08:28:00 +0900"
193,'반토막' 난 도지·이더… 1분기 암호화폐는 '최악',https://edu.donga.com/news/articleView.html?idxno=84531,https://edu.donga.com/news/articleView.html?idxno=84531,"시총 2위 이더리움은 같은 기간 45% 급락해 도지코인 다음으로 낙폭이 컸고, 시총 1위 <b>비트코인</b>도 12% 하락하며 최근 5년간 분기 기준 최대 하락률을 기록했다. 이 밖에 솔라나(-34.2%), 카르다노(-21.7%), BNB(-13.9%), 트론(-6.2%)도... ","Thu, 03 Apr 2025 08:28:00 +0900"
194,"“마성의 매력”…뉴<b>비트</b>, ‘쇼챔’ 뒤흔든 레전드 퍼포먼스",https://www.mk.co.kr/article/11281266,https://m.entertain.naver.com/article/410/0001059461,챔피언’에서 정규 1집 ‘RAW AND RAD’(러 앤 래드)의 선공개곡 ‘HICCUPS’(히컵스)와 타이틀곡 ‘Flip the Coin’(플립 더 <b>코인</b>) 무대를 선보였다. 이날 뉴<b>비트</b>는 캐주얼한 매력이 돋보이는 의상을 입고 무대에 올라... ,"Thu, 03 Apr 2025 08:26:00 +0900"
195,"트럼프 관세 폭탄에 가상자산 일제 하락, <b>비트코인</b> 8만 2000달러대로 [디...",https://decenter.kr/NewsView/2GRDLV2TQZ,https://decenter.kr/NewsView/2GRDLV2TQZ,도널드 트럼프 미국 대통령이 전세계 국가를 대상으로 상호관세 부과 방침을 발표하면서 <b>비트코인</b>(BTC)을 비롯한 위험자산 시장에 하방 압력이 커지고 있다. 시장에서는 이번 조치가 지속적인 물가 상승 압력으로... ,"Thu, 03 Apr 2025 08:22:00 +0900"
196,트럼프 '관세 폭탄'에 <b>비트코인</b>도 하락 전환,https://www.hankyung.com/article/2025040371916,https://n.news.naver.com/mnews/article/015/0005114403?sid=101,트럼프 행정부가 발표한 '관세 폭탄'에 <b>비트코인</b>도 약세를 보이고 있다. 3일 오전 8시15분 현재 코인마켓캡에 따르면 <b>비트코인</b>은 24시간 전에 비해 2.8% 하락하고 있다. 1시간 전과 비교해도 1.2% 밀리고 있다. 알트코인... ,"Thu, 03 Apr 2025 08:20:00 +0900"
197,‘추라이’ 추성훈X홍석천 극과 극!,https://www.bntnews.co.kr/article/view/bnt202504030018,https://www.bntnews.co.kr/article/view/bnt202504030018,"이런 가운데 &quot;클럽 투자는 누가 하냐&quot;라는 주제가 나오자, 추성훈과 홍석천은 곧바로 대답하지 못하고 &quot;주식, <b>비트코인</b> 때문에 많이 잃었다&quot;며 말끝을 흐리는 모습으로 폭소를 유발했다. 또 홍석천이 ‘추성훈의 PT로 제대로... ","Thu, 03 Apr 2025 08:14:00 +0900"
198,"뉴<b>비트</b>, '육각형 男돌' 증명..'쇼챔' 찢은 레전드 퍼포먼스",https://www.starnewskorea.com/stview.php?no=2025040308121616548,https://m.entertain.naver.com/article/108/0003317091,챔피언'에서 정규 1집 'RAW AND RAD'(러 앤 래드)의 선공개곡 'HICCUPS'(히컵스)와 타이틀곡 'Flip the Coin'(플립 더 <b>코인</b>) 무대를 선보였다. 이날 뉴<b>비트</b>는 캐주얼한 매력이 돋보이는 의상을 입고 무대에 올라 유니크한... ,"Thu, 03 Apr 2025 08:14:00 +0900"
199,"<b>비트코인</b>, 상호관세 발표 이후 하락… 8만2000달러",https://biz.chosun.com/stock/finance/2025/04/03/FMQP5BMJUFDNTH2T6CF4MNCQDQ/?utm_source=naver&utm_medium=original&utm_campaign=biz,https://n.news.naver.com/mnews/article/366/0001066235?sid=101,"미국 정부가 미국으로 수입되는 모든 제품에 상호관세를 부과한다고 발표하자, <b>비트코인</b> 가격이 하락했다. 3일 글로벌 가상자산 시황 중계 사이트 코인마켓캡에 따르면, 이날 오전 8시 기준 <b>비트코인</b>은 개당... ","Thu, 03 Apr 2025 08:14:00 +0900"
